키워드,블로그명,URL,발행 개수,순위
쿨페이즈,바노바기의원,https://blog.naver.com/banobagicw_,5,1
쿨페이즈,맑고고운의원수원점,https://blog.naver.com/pureskin07,4,2
쿨페이즈,부천 강남의원,https://blog.naver.com/gnclinics,3,3
쿨페이즈,[유어힐의원] YOUR HEAL,https://blog.naver.com/hbvu34mes,2,4
쿨페이즈,✨미국의사면허 - 김현정 대표원장 1:1 진료✨,https://blog.naver.com/dwellclinic,2,5
쿨페이즈,❤️❤️서울더빛의원❤️❤️,https://blog.naver.com/vcyial13,2,6
쿨페이즈,"거꾸로 흐르는 피부 시간,올리본피부클리닉",https://blog.naver.com/allreborn-skin,2,7
쿨페이즈,리부팅의원 Rebooting Clinic,https://blog.naver.com/niohx3c3v,2,8
쿨페이즈,사르티네의원,https://blog.naver.com/purchase785,2,9
쿨페이즈,조애경의 WE클리닉,https://blog.naver.com/weclinic_beauty,2,10
덴서티,닥터에버스의원,https://blog.naver.com/happyeverella,40,1
덴서티,닥터에버스,https://blog.naver.com/drevers77,26,2
덴서티,여의공감성형외과,https://blog.naver.com/hddcjp5yc,11,3
덴서티,닥터에버스 의원,https://blog.naver.com/eversnu01,9,4
덴서티,클린톡스의원,https://blog.naver.com/goldenzebra202,9,5
덴서티,아름다운성형외과의원,https://blog.naver.com/nellfeldman,8,6
덴서티,춘천 피부사랑피부과,https://blog.naver.com/skinlove_,8,7
덴서티,도움의원,https://blog.naver.com/ileene_lyniahkpwq,7,8
덴서티,열정의사의 영종도 피부일지 | 르네의원,https://blog.naver.com/think542,6,9
덴서티,몬스터의원 골반필러/엉덩이콜라겐주사 애플힙,https://blog.naver.com/monsterclinic,4,10
튠페이스,아름다움을 전하는 리샤인의원,https://blog.naver.com/reveal8228,15,1
튠페이스,청담리투의원,https://blog.naver.com/aexpqebai,9,2
튠페이스,청담마이의원 셀룰리스,https://blog.naver.com/gnwkdakfzhd12,7,3
튠페이스,송도피부과파크뷰의원,https://blog.naver.com/rat3427,6,4
튠페이스,플래티넘 클리닉,https://blog.naver.com/alchandoctor,6,5
튠페이스,♡ULINE CLINIC♡,https://blog.naver.com/becry1990,4,6
튠페이스,미클리닉 뷰티박스,https://blog.naver.com/vlargeblinds81,4,7
튠페이스,미클리닉 인포박스,https://blog.naver.com/nddbuckk60,4,8
튠페이스,♡유라인클리닉♡,https://blog.naver.com/bae3639,3,9
튠페이스,엘레브의원,https://blog.naver.com/elevclinic,3,10
올리지오,닥터에버스의원,https://blog.naver.com/100earthlove,80,1
올리지오,닥터에버스,https://blog.naver.com/kevergreen14,40,2
올리지오,"오로지 나를 위한 시간을, 미뉴얼클리닉에서",https://blog.naver.com/tgeduc9326,15,3
올리지오,미클리닉 인포박스,https://blog.naver.com/mppbzejg05,8,4
올리지오,닥터에버스 의원,https://blog.naver.com/eversnu01,7,5
올리지오,닥터에버스(❁´▽`❁),https://blog.naver.com/sweetie8825,7,6
올리지오,미클리닉 뷰티박스,https://blog.naver.com/kminddreamn26,7,7
올리지오,미클리닉 피부관리,https://blog.naver.com/ffindpickm76,7,8
올리지오,열정의사의 영종도 피부일지 | 르네의원,https://blog.naver.com/think542,7,9
올리지오,"since2013, 명동 단아클리닉",https://blog.naver.com/drug4103,7,10
볼뉴머,닥터에버스의원,https://blog.naver.com/100earthlove,79,1
볼뉴머,닥터에버스,https://blog.naver.com/kevergreen14,40,2
볼뉴머,닥터에버스 의원,https://blog.naver.com/eversnu01,8,3
볼뉴머,캐스팅성형외과,https://blog.naver.com/castingps,7,4
볼뉴머,닥터에버스의원₍ ᐢ. ̫ .ᐢ ₎ つ ⌁❤⌁⋆,https://blog.naver.com/drevers09,6,5
볼뉴머,닥터에버스₍ᵔ.ˬ.ᵔ₎,https://blog.naver.com/zosqjfk03,5,6
볼뉴머,"리나인의원 | 다시, 아름다운 순간으로",https://blog.naver.com/cmuststayk62,5,7
볼뉴머,맑은윤의원 구의점,https://blog.naver.com/dryoondermatology,5,8
볼뉴머,➠ 더이룰의원| 피부·통증·비만 한곳에서 균형있게,https://blog.naver.com/vhkhr23,4,9
볼뉴머,닥터에버스의원 구로점,https://blog.naver.com/fanta816,4,10
텐써마,닥터에버스의원,https://blog.naver.com/chris5408,48,1
텐써마,닥터에버스,https://blog.naver.com/everscd06,28,2
텐써마,미클리닉 동안관리,https://blog.naver.com/fdanceuih73,10,3
텐써마,미클리닉 인포박스,https://blog.naver.com/mppbzejg05,9,4
텐써마,아름다운 미클리닉,https://blog.naver.com/hwmnv2885,8,5
텐써마,미의원에서 이뻐지기,https://blog.naver.com/wxoejgbdb269,7,6
텐써마,캐스팅성형외과,https://blog.naver.com/castingps,6,7
텐써마,닥터에버스 의원,https://blog.naver.com/eversnu01,5,8
텐써마,미클리닉 뷰티박스,https://blog.naver.com/kxdreception,5,9
텐써마,미클리닉 피부관리,https://blog.naver.com/kwatchpointm70,5,10
써마지,닥터에버스의원,https://blog.naver.com/ejlove6262,54,1
써마지,닥터에버스,https://blog.naver.com/everscd09,23,2
써마지,미클리닉 인포박스,https://blog.naver.com/xoneoyn46,20,3
써마지,"오로지 나를 위한 시간을, 미뉴얼클리닉에서",https://blog.naver.com/tgeduc9326,14,4
써마지,미클리닉 동안관리,https://blog.naver.com/samonghallg20,11,5
써마지,"본연의 아름다움, 제너리스의원",https://blog.naver.com/kindsalmon,11,6
써마지,"⭐높은 재방문율, 브릴린의원⭐",https://blog.naver.com/norst1988,9,7
써마지,그레이스피부과,https://blog.naver.com/grays1891,9,8
써마지,"리나인의원 | 다시, 아름다운 순간으로",https://blog.naver.com/cmuststayk62,9,9
써마지,미클리닉 피부관리,https://blog.naver.com/qzvcl7982,9,10
세르프,미클리닉 동안관리,https://blog.naver.com/eentryieo76,14,1
세르프,미클리닉 인포박스,https://blog.naver.com/xoneoyn46,10,2
세르프,❤닥터쁘띠 왕십리 : 고객의 젊음을 유지합니다❤,https://blog.naver.com/xedadc9533,7,3
세르프,아름다운 미클리닉,https://blog.naver.com/djifug5390,7,4
세르프,미의원에서 이뻐지기,https://blog.naver.com/pants9590,6,5
세르프,아르나의원 Dr 이현아의 리프팅노트,https://blog.naver.com/stairs4406,6,6
세르프,청미의원(구.청담미인만들기),https://blog.naver.com/7687dfyjk,6,7
세르프,VAAN Clinic 반의원,https://blog.naver.com/akrci845,6,8
세르프,라셀클리닉,https://blog.naver.com/dr_lacell,5,9
세르프,리움의원 피부칼럼 : 진료실 기록,https://blog.naver.com/wsoycandle,5,10
인모드,닥터에버스의원,https://blog.naver.com/jju2378,48,1
인모드,닥터에버스,https://blog.naver.com/akrtls,36,2
인모드,미클리닉 인포박스,https://blog.naver.com/mppbzejg05,21,3
인모드,잠실역 송파구청 사거리 바로앞 애슬리의원,https://blog.naver.com/object1215,18,4
인모드,범계역 8번출구 건너편 라마르프리미어의원,https://blog.naver.com/employ1705,16,5
인모드,압구정 일공공 성형외과,https://blog.naver.com/100plasticsurgery,16,6
인모드,미클리닉 동안관리,https://blog.naver.com/dueqd3900,12,7
인모드,"광주미의원, 나에게 필요한 아름다움",https://blog.naver.com/bejjhk9222,11,8
인모드,퍼플의원,https://blog.naver.com/purpleclinic,10,9
인모드,톤즈의원,https://blog.naver.com/popoq9weq,9,10
리프테라,닥터에버스의원,https://blog.naver.com/100earthlove,20,1
리프테라,닥터에버스,https://blog.naver.com/kevergreen14,9,2
리프테라,"섬세한 당신은, 섬세이의원",https://blog.naver.com/somsei,4,3
리프테라,그레이스피부과,https://blog.naver.com/grays1891,3,4
리프테라,닥터에버스(❁´▽`❁),https://blog.naver.com/sweetie8825,3,5
리프테라,닥터에버스의원₍ ᐢ. ̫ .ᐢ ₎ つ ⌁❤⌁⋆,https://blog.naver.com/drevers09,3,6
리프테라,디테일의원 수원점,https://blog.naver.com/coruscation368,3,7
리프테라,❤️뷰티온의원 안양점❤️,https://blog.naver.com/anyang_beauty,2,8
리프테라,닥터링크,https://blog.naver.com/jjesarang,2,9
리프테라,닥터에버스₍ᵔ.ˬ.ᵔ₎,https://blog.naver.com/zosqjfk03,2,10
쿨소닉,더결의원,https://blog.naver.com/the_kyeol,7,1
쿨소닉,[유어힐의원] YOUR HEAL,https://blog.naver.com/hbvu34mes,3,2
쿨소닉,Be Born Young [비본영의원],https://blog.naver.com/s5gageqiy,3,3
쿨소닉,김도훈 원장 시술일지,https://blog.naver.com/victoryedu08,2,4
쿨소닉,미엘르클리닉,https://blog.naver.com/mielleclinic,2,5
쿨소닉,신사하이미의원,https://blog.naver.com/himiclinic,2,6
쿨소닉,ON Re:Young [온리영의원],https://blog.naver.com/rhs1vc3sc,2,7
쿨소닉,SARTINE 사르티네의원,https://blog.naver.com/dead2079,2,8
쿨소닉,"Shines only for you, 온리빛의원",https://blog.naver.com/wjmf2ucjv,2,9
쿨소닉,☪ 밴스의원 의료진의 이야기 2 ☪,https://blog.naver.com/independent6573,1,10
리니어펌,:::닥터화이트피부과:::,https://blog.naver.com/doctorwhite3,3,1
리니어펌,순천 더미라클의원,https://blog.naver.com/the_miracle_clinic,2,2
리니어펌,"하우연한의원 피부, 다이어트",https://blog.naver.com/dr-howskin,2,3
리니어펌,[청주지웰 플러스피부과] 마크뷰 읽어주는 남자,https://blog.naver.com/plusskin1,1,4
리니어펌,"20년 ONLY 실리프팅,얼굴지방흡입 닥터정 리반의원",https://blog.naver.com/libanclinic,1,5
리니어펌,강남 피어봄의원 (진료과목 : 피부과성형외과),https://blog.naver.com/zaoq0478,1,6
리니어펌,강남신사 청아연클리닉,https://blog.naver.com/angolh6,1,7
리니어펌,강릉서울피부과,https://blog.naver.com/tman2000,1,8
리니어펌,건강한 린다이어트 포항 환호한의원,https://blog.naver.com/hwanho365,1,9
리니어펌,권원장이 직접 작성하는 피부 칼럼,https://blog.naver.com/hjavvj7695,1,10
튠라이너,와이랩 성형외과의원 이야기,https://blog.naver.com/ylabps,5,1
튠라이너,송도피부과파크뷰의원,https://blog.naver.com/rat3427,3,2
튠라이너,♡유라인클리닉♡,https://blog.naver.com/bae3639,2,3
튠라이너,리즈온클리닉 분당점,https://blog.naver.com/drpt1982,2,4
튠라이너,리즈온클리닉 수원점,https://blog.naver.com/lizonsw,2,5
튠라이너,Y.lab 성형외과의원,https://blog.naver.com/ylab_ps,2,6
튠라이너,★루비의원,https://blog.naver.com/dltmdgk777,1,7
튠라이너,✅닉스의원 수원점✅,https://blog.naver.com/vczranhlxo,1,8
튠라이너,✅포커스성형외과피부과✅,https://blog.naver.com/bintikorea,1,9
튠라이너,김현옥 대표원장의 안티 에이징 칼럼,https://blog.naver.com/bias4376,1,10
울쎄라,닥터에버스의원,https://blog.naver.com/happyeverella,23,1
울쎄라,"맑고 투명한 피부의 비밀, 여름의원",https://blog.naver.com/zanlmm3817,17,2
울쎄라,닥터에버스,https://blog.naver.com/dreversbusan04,10,3
울쎄라,"✨100% 투명한 시술 과정, 여름의원✨",https://blog.naver.com/fuhqfb8417,8,4
울쎄라,미클리닉 인포박스,https://blog.naver.com/pgoldwestm59,8,5
울쎄라,"본연의 아름다움, 제너리스의원",https://blog.naver.com/kindsalmon,8,6
울쎄라,잠실역 송파구청 사거리 바로앞 애슬리의원,https://blog.naver.com/object1215,8,7
울쎄라,"✨1:1 맞춤 시술 설계, 여름의원✨",https://blog.naver.com/tnsjes3377,7,8
울쎄라,❤닥터쁘띠 인천구월 : 3인 대표원장 진료❤,https://blog.naver.com/fatal5099,7,9
울쎄라,➠ 더이룰의원| 피부·통증·비만 한곳에서 균형있게,https://blog.naver.com/vhkhr23,7,10
슈링크,미클리닉 인포박스,https://blog.naver.com/xoneoyn46,19,1
슈링크,범계역 8번출구 건너편 라마르프리미어의원,https://blog.naver.com/employ1705,13,2
슈링크,잠실역 송파구청 사거리 바로앞 애슬리의원,https://blog.naver.com/object1215,13,3
슈링크,톤즈의원,https://blog.naver.com/popoq9weq,13,4
슈링크,"오로지 나를 위한 시간을, 미뉴얼클리닉에서",https://blog.naver.com/tgeduc9326,12,5
슈링크,"⭐높은 재방문율, 브릴린의원⭐",https://blog.naver.com/norst1988,10,6
슈링크,"광주미의원, 나에게 필요한 아름다움",https://blog.naver.com/bejjhk9222,10,7
슈링크,닥터지은 닥터지훈 피부토크,https://blog.naver.com/ppeum_beomgye,10,8
슈링크,미클리닉 동안관리,https://blog.naver.com/eentryieo76,10,9
슈링크,미의원에서 이뻐지기,https://blog.naver.com/gpowerarmyk39,9,10
리니어지,아름다운성형외과의원,https://blog.naver.com/nellfeldman,12,1
리니어지,클린톡스의원,https://blog.naver.com/goldenzebra202,12,2
리니어지,여의공감성형외과,https://blog.naver.com/hddcjp5yc,11,3
리니어지,닥터에버스의원,https://blog.naver.com/07jinlove07,5,4
리니어지,[청주지웰 플러스피부과] 마크뷰 읽어주는 남자,https://blog.naver.com/plusskin1,4,5
리니어지,유드림의원,https://blog.naver.com/udreamone,4,6
리니어지,✅ 강동미애로여성의원 산부인과 전문의 Dr.홍선희,https://blog.naver.com/bvzwev6814,3,7
리니어지,광교미러의원 공식 블로그,https://blog.naver.com/mirror0274,3,8
리니어지,김연진의 퓨린피부과•25년 경력 피부과 전문의,https://blog.naver.com/pureen_skin,3,9
리니어지,루피엘의원 공식블로그,https://blog.naver.com/lupielclinic,3,10
브이로,피부에 진심인 김린 대표원장_연세린의원,https://blog.naver.com/linclinic2,5,1
브이로,☀[라벨르의원]☀,https://blog.naver.com/gfhjrtdfhfd,4,2
브이로,28년 경력의 성형외과 전문의가 직접 전합니다.,https://blog.naver.com/lhj_plasticsurgery,4,3
브이로,"더윤피부과의원 | 당신의 피부를 위한, 특별한 공간",https://blog.naver.com/theyoonclinic,3,4
브이로,신사역 유올림의원 l 13년차 전문의 장수지원장,https://blog.naver.com/youolimclinic,3,5
브이로,인샤인피부과,https://blog.naver.com/inshineskin,3,6
브이로,☘[라벨르의원]☘,https://blog.naver.com/fgcjhdfjufsdew,2,7
브이로,강남이지함피부과,https://blog.naver.com/ilhospj9635,2,8
브이로,구로동안피부과,https://blog.naver.com/baboorolhana,2,9
브이로,"끌림:피부클리닉,예쁜피부,바른몸매,아름다운",https://blog.naver.com/ggeulim365,2,10
텐쎄라,닥터에버스의원,https://blog.naver.com/chris5408,25,1
텐쎄라,닥터에버스,https://blog.naver.com/everscd06,15,2
텐쎄라,"오로지 나를 위한 시간을, 미뉴얼클리닉에서",https://blog.naver.com/tgeduc9326,15,3
텐쎄라,"since2013, 명동 단아클리닉",https://blog.naver.com/drug4103,7,4
텐쎄라,미클리닉 인포박스,https://blog.naver.com/xoneoyn46,6,5
텐쎄라,미클리닉 피부관리,https://blog.naver.com/cchairoua74,6,6
텐쎄라,캐스팅성형외과,https://blog.naver.com/castingps,5,7
텐쎄라,✅동탄 에스플랜의원✅,https://blog.naver.com/enthusiastic6314,4,8
텐쎄라,미클리닉 동안관리,https://blog.naver.com/dueqd3900,4,9
텐쎄라,아름다운 미클리닉,https://blog.naver.com/djifug5390,4,10