channelId,channelName,type,uploads,views,likes,comments,avg_views,er,shorts_ratio,median_views,p90_views,avg_subscribers
UCVQvdzrmbTo2QTJalhw4coQ,UCVQvdzrmbTo2QTJalhw4coQ,creator,2,578754,197,52,289377.00,0.000430,0.0000,289377,519723.4,0.00
UCEqHeuUGkG-q59KDjsZYCrA,UCEqHeuUGkG-q59KDjsZYCrA,creator,2,294695,5000,366,147347.50,0.018209,0.0000,147347.5,147353.5,0.00
UCP_RJGEgyQZGY4AN5KNOE6Q,UCP_RJGEgyQZGY4AN5KNOE6Q,creator,5,118819,2477,48,23763.80,0.021251,0.6000,3401,55402,0.00
UCYjkiHwK6yj1VgMfqNZvHEA,UCYjkiHwK6yj1VgMfqNZvHEA,creator,1,102292,1900,174,102292.00,0.020275,0.0000,102292,102292,0.00
UCHW2G3zJhjLq03lSFizztVw,UCHW2G3zJhjLq03lSFizztVw,creator,2,72354,2200,220,36177.00,0.033447,0.0000,36177,36177,0.00
UCyRNxbCK8vdq-F-sBEL-hyg,UCyRNxbCK8vdq-F-sBEL-hyg,creator,2,66920,3200,50,33460.00,0.048565,0.0000,33460,33460,0.00
UCzq0gcTNds2lxhNB2ow2SwA,UCzq0gcTNds2lxhNB2ow2SwA,creator,2,36668,46,38,18334.00,0.002291,0.0000,18334,18334,0.00
UC7iOrRrC7aDgrEh2Z6fOrdg,UC7iOrRrC7aDgrEh2Z6fOrdg,creator,2,28636,44,7,14318.00,0.001781,0.5000,14318,25041.2,0.00
UCV-gZBbztDWwsIhSkxGQS3A,UCV-gZBbztDWwsIhSkxGQS3A,hospital_clinic,41,27561,190,28,672.22,0.007910,1.0000,591,1129,0.00
UC71fEEzS9yMYQvT1iz5-zxQ,UC71fEEzS9yMYQvT1iz5-zxQ,creator,2,25924,24,24,12962.00,0.001852,0.0000,12962,12962,0.00
UC_GYujwCCQPWTCZTyo9laQg,UC_GYujwCCQPWTCZTyo9laQg,creator,4,23336,38,0,5834.00,0.001628,0.5000,5833.5,6906.4,0.00
UCcGWlmPnmNyAGggXYEBkddg,UCcGWlmPnmNyAGggXYEBkddg,creator,4,23005,156,0,5751.25,0.006781,1.0000,1920,13243.500000000002,0.00
UCHsqTxhyOaumSAlfa7odQAg,UCHsqTxhyOaumSAlfa7odQAg,creator,19,22852,0,5,1202.74,0.000219,0.8421,1274,2116.6,0.00
UCRhACfjsdpVQZCn89Ya5MsQ,UCRhACfjsdpVQZCn89Ya5MsQ,creator,15,22594,111,2,1506.27,0.005001,1.0000,1409,2337.4,0.00
UCsyUwQomcJh6wtru7ouKB7w,UCsyUwQomcJh6wtru7ouKB7w,creator,4,22143,154,2,5535.75,0.007045,0.2500,5689.5,8180,0.00
UCxA9k7UJz50ZJPa5aUGf7fw,UCxA9k7UJz50ZJPa5aUGf7fw,creator,3,20681,541,135,6893.67,0.032687,0.0000,5828,8385.6,0.00
UCYhspWwPV3s9HQmtZPMA54g,UCYhspWwPV3s9HQmtZPMA54g,creator,1,19972,547,24,19972.00,0.028590,1.0000,19972,19972,0.00
UCr_QBNzvSm_a7mreIpTregw,UCr_QBNzvSm_a7mreIpTregw,creator,1,19183,0,102,19183.00,0.005317,0.0000,19183,19183,0.00
UCqbBOaMYlOLzz25lrcM_vtQ,UCqbBOaMYlOLzz25lrcM_vtQ,creator,2,19158,126,12,9579.00,0.007203,1.0000,9579,9579,0.00
UCdbKrdgAJ4Y7SkqumX2sHZA,UCdbKrdgAJ4Y7SkqumX2sHZA,creator,3,17920,38,2,5973.33,0.002232,1.0000,8066,8066,0.00
UCh4hYDI8vMBdV4f913wucvQ,UCh4hYDI8vMBdV4f913wucvQ,creator,7,15043,91,1,2149.00,0.006116,1.0000,2136,2542.8,0.00
UC3qh3KVgHf44TkX-Cj_TNSg,UC3qh3KVgHf44TkX-Cj_TNSg,creator,3,14905,57,23,4968.33,0.005367,0.3333,5641,5698.6,0.00
UCEtIqGXXRrKf33n7q3PTB4Q,UCEtIqGXXRrKf33n7q3PTB4Q,creator,7,14722,234,32,2103.14,0.018068,0.4286,2549,3319.4,0.00
UC-1gZumllevdRN5MR3TfVAQ,UC-1gZumllevdRN5MR3TfVAQ,creator,10,13206,22,4,1320.60,0.001969,1.0000,1504,1871,0.00
UCevBKgl8-nLrSfW59s92xcQ,UCevBKgl8-nLrSfW59s92xcQ,creator,2,12958,40,4,6479.00,0.003396,0.0000,6479,6479,0.00
UCOEj_y4wNnNyNI1cDeH0dFQ,UCOEj_y4wNnNyNI1cDeH0dFQ,creator,3,11419,51,2,3806.33,0.004641,1.0000,4657,5645.8,0.00
UCxIBvq8U4tX6-1GkagB-wig,UCxIBvq8U4tX6-1GkagB-wig,hospital_clinic,10,9809,54,8,980.90,0.006321,0.7000,802.5,2442,0.00
UCB_JO_hoF6T9ns6ea9wwtaA,UCB_JO_hoF6T9ns6ea9wwtaA,creator,6,9225,59,2,1537.50,0.006612,0.6667,1355.5,2633,0.00
UCC3-dvpLWJLY-5zTi1ebVnQ,UCC3-dvpLWJLY-5zTi1ebVnQ,creator,3,8782,15,0,2927.33,0.001708,1.0000,2191,3958.2,0.00
UCuQe2i7pxPequLYKXBrPlMA,UCuQe2i7pxPequLYKXBrPlMA,creator,2,7668,248,8,3834.00,0.033385,0.0000,3834,3834,0.00
UCYPXJe9zCI4jUmgZ0QHH9rw,UCYPXJe9zCI4jUmgZ0QHH9rw,creator,2,7567,10,11,3783.50,0.002775,1.0000,3783.5,3904.7,0.00
UCX4tOW_SyZ2DPGVcZ3jmEBw,UCX4tOW_SyZ2DPGVcZ3jmEBw,creator,1,7556,277,28,7556.00,0.040365,0.0000,7556,7556,0.00
UCS2DUWxjya4Wa8xu6uB9D4w,UCS2DUWxjya4Wa8xu6uB9D4w,creator,8,7514,54,3,939.25,0.007586,0.5000,338,2237.9,0.00
UC2U_kiESFXbXSVFNGYSGCOg,UC2U_kiESFXbXSVFNGYSGCOg,creator,5,7498,80,27,1499.60,0.014270,0.6000,1842,1947,0.00
UCORFlmFw9NjuhwCEz9epUFA,UCORFlmFw9NjuhwCEz9epUFA,creator,6,7320,42,4,1220.00,0.006284,1.0000,1546,1833,0.00
UCWPBP2sSbAdMxuTliPcANug,UCWPBP2sSbAdMxuTliPcANug,hospital_clinic,2,7105,17,0,3552.50,0.002393,1.0000,3552.5,4162.5,0.00
UCab55Vw2PG6wDxvRquPAkKg,UCab55Vw2PG6wDxvRquPAkKg,creator,2,6447,33,3,3223.50,0.005584,1.0000,3223.5,4791.1,0.00
UCvlVPiO17tbzdqHKeh_wJEQ,UCvlVPiO17tbzdqHKeh_wJEQ,creator,4,6131,53,4,1532.75,0.009297,0.7500,1616,2771,0.00
UCOYnlDs4nyLZFOt1Pfwnvlg,UCOYnlDs4nyLZFOt1Pfwnvlg,hospital_clinic,5,5784,22,0,1156.80,0.003804,0.8000,937,2282.2,0.00
UCFiY5DbV-2U7p3Ls8O2jWIA,UCFiY5DbV-2U7p3Ls8O2jWIA,creator,3,5780,45,2,1926.67,0.008131,1.0000,1178,2974.8,0.00
UCY1dTbwvOX0hx2JG-3gHWvA,UCY1dTbwvOX0hx2JG-3gHWvA,creator,3,5777,25,2,1925.67,0.004674,1.0000,1998,1998,0.00
UC9NS3zb3HGvKDrG3mZl3AVA,UC9NS3zb3HGvKDrG3mZl3AVA,creator,6,5730,180,76,955.00,0.044677,0.6667,841,1760,0.00
UC5o9Z5lgw4kk4fjDhweZxKg,UC5o9Z5lgw4kk4fjDhweZxKg,creator,2,5647,208,8,2823.50,0.038250,0.0000,2823.5,2827.1,0.00
UCbgg4A16nah5INcev92soQA,UCbgg4A16nah5INcev92soQA,creator,2,5617,12,6,2808.50,0.003205,1.0000,2808.5,2808.9,0.00
UC9Whg20W47LSvdMasJsl7vg,UC9Whg20W47LSvdMasJsl7vg,hospital_clinic,4,5436,16,0,1359.00,0.002943,1.0000,1359,2122,0.00
UCb3AiQTIqoWcDJK0oc3y5qQ,UCb3AiQTIqoWcDJK0oc3y5qQ,creator,5,5398,32,5,1079.60,0.006854,0.8000,787,1880,0.00
UCJN7MRC9_QB1YlOnTT3ybDw,UCJN7MRC9_QB1YlOnTT3ybDw,hospital_clinic,4,5098,33,0,1274.50,0.006473,1.0000,1284.5,2249,0.00
UCTNW4Vg94coS11lXM22iUYQ,UCTNW4Vg94coS11lXM22iUYQ,creator,4,5081,14,0,1270.25,0.002755,1.0000,1295,1673.7,0.00
UC8deOilBhofSIuPdhiemqYA,UC8deOilBhofSIuPdhiemqYA,hospital_clinic,1,4871,17,0,4871.00,0.003490,1.0000,4871,4871,0.00
UCjGbKHy3KldtwZ8Q99DUQxQ,UCjGbKHy3KldtwZ8Q99DUQxQ,creator,2,4782,24,0,2391.00,0.005019,1.0000,2391,2391,0.00
UCa7Wueeo4XGSC6gIWxOum-g,UCa7Wueeo4XGSC6gIWxOum-g,creator,4,4659,14,0,1164.75,0.003005,0.5000,1165.5,2276,0.00
UCwhNIwa46fjHD3yporGw5wg,UCwhNIwa46fjHD3yporGw5wg,creator,3,4500,9,9,1500.00,0.004000,0.6667,2208,2208,0.00
UCMtzqmpH04tM390evp1gb9A,UCMtzqmpH04tM390evp1gb9A,creator,6,4471,7,3,745.17,0.002237,0.5000,262.5,1920,0.00
UCvo682HYUMOn9p73pCoAxqA,UCvo682HYUMOn9p73pCoAxqA,hospital_clinic,5,4288,7,0,857.60,0.001632,1.0000,651,1380.6000000000001,0.00
UCFpFZkm7mclD-z_-j7FTUag,UCFpFZkm7mclD-z_-j7FTUag,brand,4,4050,27,20,1012.50,0.011605,0.5000,862.5,2053.8,0.00
UCr70a9wkbZP0yXoLo4nl3kQ,UCr70a9wkbZP0yXoLo4nl3kQ,creator,1,3995,13,2,3995.00,0.003755,1.0000,3995,3995,0.00
UC-hKW-JPW-8NJJeMp-2QHOw,UC-hKW-JPW-8NJJeMp-2QHOw,hospital_clinic,4,3990,31,4,997.50,0.008772,1.0000,999.5,1324,0.00
UCexruemU8Eugs_B90rosung,UCexruemU8Eugs_B90rosung,creator,1,3905,3,2,3905.00,0.001280,1.0000,3905,3905,0.00
UCyf0zlKH3V9lkL73hDBnanQ,UCyf0zlKH3V9lkL73hDBnanQ,creator,2,3869,16,0,1934.50,0.004135,1.0000,1934.5,2006.1,0.00
UCi_OZ9t3PYIsCTE3bsAWHjA,UCi_OZ9t3PYIsCTE3bsAWHjA,creator,2,3831,20,22,1915.50,0.010963,1.0000,1915.5,2125.5,0.00
UCe-DjfQ5QCTKD9-C3CPj5sA,UCe-DjfQ5QCTKD9-C3CPj5sA,creator,6,3743,45,2,623.83,0.012557,0.5000,246,1523.5,0.00
UCRYXMMSdMYhURh_Dr6Vz18w,UCRYXMMSdMYhURh_Dr6Vz18w,creator,1,3668,3,1,3668.00,0.001091,1.0000,3668,3668,0.00
UCYyugmkrslcPePrShZBv6RA,UCYyugmkrslcPePrShZBv6RA,creator,8,3593,13,3,449.13,0.004453,0.7500,258,896.0999999999998,0.00
UCS9IQ9c5ZDXZ1JIEiEOmofA,UCS9IQ9c5ZDXZ1JIEiEOmofA,creator,3,3529,2,0,1176.33,0.000567,0.6667,312,2412,0.00
UCWv1kKbYn5no7yMZYrEOZmg,UCWv1kKbYn5no7yMZYrEOZmg,hospital_clinic,2,3423,21,0,1711.50,0.006135,1.0000,1711.5,1711.9,0.00
UCurS7wbx6lHMQ21sIHEgp9w,UCurS7wbx6lHMQ21sIHEgp9w,creator,4,3384,2,0,846.00,0.000591,0.5000,846,1364,0.00
UCah0nP6Q8Ah2BbisIKQfVjw,UCah0nP6Q8Ah2BbisIKQfVjw,creator,2,3323,9,3,1661.50,0.003611,1.0000,1661.5,2045.1,0.00
UCm7lUwAwhDwpxY4bO6Q7nfQ,UCm7lUwAwhDwpxY4bO6Q7nfQ,creator,2,3308,13,0,1654.00,0.003930,1.0000,1654,1662.8,0.00
UCM9mkFmUff9cKRZrcaaIImA,UCM9mkFmUff9cKRZrcaaIImA,creator,5,3301,13,0,660.20,0.003938,1.0000,365,1362,0.00
UC6gfc_zYHBawIQFNtkaiKNg,UC6gfc_zYHBawIQFNtkaiKNg,creator,1,3230,18,22,3230.00,0.012384,0.0000,3230,3230,0.00
UCY_wbu305pixkOO7Pc6XEBA,UCY_wbu305pixkOO7Pc6XEBA,creator,4,3184,0,1,796.00,0.000314,1.0000,345.5,1628.8000000000004,0.00
UCaWh7Np3MQ6fcvPMKMCHQAw,UCaWh7Np3MQ6fcvPMKMCHQAw,creator,2,3144,31,6,1572.00,0.011768,0.5000,1572,2353.6000000000004,0.00
UCZV2kbLIPRA-PNZetzKWiPQ,UCZV2kbLIPRA-PNZetzKWiPQ,creator,2,3082,20,17,1541.00,0.012005,0.5000,1541,2218.6000000000004,0.00
UCOPntYxYqbubPxGwy_DYFrQ,UCOPntYxYqbubPxGwy_DYFrQ,creator,1,3068,12,1,3068.00,0.004237,1.0000,3068,3068,0.00
UCId6QkbbViCmvZCwmh_R14A,UCId6QkbbViCmvZCwmh_R14A,creator,2,3009,16,12,1504.50,0.009305,0.5000,1504.5,1506.5,0.00
UCoB7l2qq9JP_HtuWjYKn2lw,UCoB7l2qq9JP_HtuWjYKn2lw,creator,5,2994,16,2,598.80,0.006012,0.6000,390,1324.4,0.00
UCmlZPuP4mDK5sO7TNHUFRAw,UCmlZPuP4mDK5sO7TNHUFRAw,creator,3,2983,805,0,994.33,0.269863,0.6667,365,1949.8000000000002,0.00
UCttIonEZSUVAKyoUbCdfLBg,UCttIonEZSUVAKyoUbCdfLBg,creator,2,2968,19,0,1484.00,0.006402,1.0000,1484,1522.4,0.00
UC4PEZowarm7AiYqROapFx5w,UC4PEZowarm7AiYqROapFx5w,creator,1,2950,8,2,2950.00,0.003390,1.0000,2950,2950,0.00
UCNKgvtGKAG6BSbTLI1QR00w,UCNKgvtGKAG6BSbTLI1QR00w,creator,4,2942,12,0,735.50,0.004079,0.5000,165,1879.8000000000004,0.00
UCxqWCc5YEZejeC2awD9PpBg,UCxqWCc5YEZejeC2awD9PpBg,creator,4,2920,10,2,730.00,0.004110,0.5000,730,1414,0.00
UC8MA_yZZavlF-8J5fJ1s2xg,UC8MA_yZZavlF-8J5fJ1s2xg,creator,1,2920,2,0,2920.00,0.000685,1.0000,2920,2920,0.00
UCONVZCIgg-W9KvmvxIQg7CA,UCONVZCIgg-W9KvmvxIQg7CA,creator,2,2909,4,0,1454.50,0.001375,1.0000,1454.5,1647.7,0.00
UCFjkFyYDu4HpLjc9axlh6YQ,UCFjkFyYDu4HpLjc9axlh6YQ,creator,9,2896,98,30,321.78,0.044199,0.0000,344,453.2,0.00
UCCUVSREmeZiOt1eC8aJWIZw,UCCUVSREmeZiOt1eC8aJWIZw,creator,11,2681,15,0,243.73,0.005595,0.8182,256,407,0.00
UCUH_M0bX4f1JZns0WdBJVKQ,UCUH_M0bX4f1JZns0WdBJVKQ,creator,1,2659,44,3,2659.00,0.017676,1.0000,2659,2659,0.00
UCqrCByrV8_yhgMAVV5MGL2w,UCqrCByrV8_yhgMAVV5MGL2w,creator,1,2642,4,0,2642.00,0.001514,1.0000,2642,2642,0.00
UCY3smFQOei_iaBtrV4eTvjQ,UCY3smFQOei_iaBtrV4eTvjQ,hospital_clinic,5,2583,15,0,516.60,0.005807,1.0000,314,986.6000000000001,0.00
UCjjL9P7exq97lMsuj0A3_RA,UCjjL9P7exq97lMsuj0A3_RA,hospital_clinic,2,2540,0,2,1270.00,0.000787,0.5000,1270,2098.8,0.00
UChjwVAo4dy1OIUtc1C1KXQA,UChjwVAo4dy1OIUtc1C1KXQA,creator,1,2535,12,0,2535.00,0.004734,1.0000,2535,2535,0.00
UC3UcOp1BdlEYnJxi76Qb4-A,UC3UcOp1BdlEYnJxi76Qb4-A,hospital_clinic,2,2492,12,12,1246.00,0.009631,1.0000,1246,1246,0.00
UCtyNJBrj8kI7YqIr0Kp_xfw,UCtyNJBrj8kI7YqIr0Kp_xfw,hospital_clinic,2,2472,13,0,1236.00,0.005259,1.0000,1236,1499.2,0.00
UC2YjkXb4Ff0DEIOGHfmZlvQ,UC2YjkXb4Ff0DEIOGHfmZlvQ,hospital_clinic,6,2449,20,6,408.17,0.010617,1.0000,458.5,514.5,0.00
UC789RQ_NBV9AGsCkjAOT7Vw,UC789RQ_NBV9AGsCkjAOT7Vw,creator,2,2436,23,2,1218.00,0.010263,0.5000,1218,2014,0.00
UCxNoCOoPIQbZBPfU4gVrS-w,UCxNoCOoPIQbZBPfU4gVrS-w,creator,1,2411,12,0,2411.00,0.004977,1.0000,2411,2411,0.00
UCeOSB06M7z71suvGVAGnbrg,UCeOSB06M7z71suvGVAGnbrg,creator,1,2406,23,3,2406.00,0.010806,1.0000,2406,2406,0.00
UCGkBcBOvxmQdR36QUc1Rb-A,UCGkBcBOvxmQdR36QUc1Rb-A,hospital_clinic,2,2396,4,0,1198.00,0.001669,1.0000,1198,1198,0.00
UCq1_qzwQLqm-w0AQMe4NsPA,UCq1_qzwQLqm-w0AQMe4NsPA,creator,1,2385,4,0,2385.00,0.001677,1.0000,2385,2385,0.00
UC3nIJ5UPwX94OSPmp5aJ6uQ,UC3nIJ5UPwX94OSPmp5aJ6uQ,creator,3,2385,14,0,795.00,0.005870,0.6667,512,1233.6,0.00
UCvQCmSsCRb8z3q0SO5JW8Pw,UCvQCmSsCRb8z3q0SO5JW8Pw,hospital_clinic,2,2368,50,8,1184.00,0.024493,0.0000,1184,1184,0.00
UC_Ss3MFoE_hy9lWEQhOpCbg,UC_Ss3MFoE_hy9lWEQhOpCbg,creator,3,2321,17,2,773.67,0.008186,0.6667,473,1418.6,0.00
UCIEiLmu_FaZ-NNUrT45otHQ,UCIEiLmu_FaZ-NNUrT45otHQ,hospital_clinic,1,2271,4,0,2271.00,0.001761,1.0000,2271,2271,0.00
UC-iXE6ByDkIyvFsjdPws7_A,UC-iXE6ByDkIyvFsjdPws7_A,creator,2,2237,9,0,1118.50,0.004023,1.0000,1118.5,1616.5,0.00
UC4OGeW5FgXNoTudGd8iiPUA,UC4OGeW5FgXNoTudGd8iiPUA,creator,1,2142,14,0,2142.00,0.006536,1.0000,2142,2142,0.00
UC8yatiB3Vd2Y7qEznqvOAiw,UC8yatiB3Vd2Y7qEznqvOAiw,creator,1,2106,15,2,2106.00,0.008072,1.0000,2106,2106,0.00
UCW6XqPyTIKLlw9pUlEfV_AA,UCW6XqPyTIKLlw9pUlEfV_AA,creator,1,2088,5,0,2088.00,0.002395,1.0000,2088,2088,0.00
UC_1R5EcFBR6A9cau_UQLArg,UC_1R5EcFBR6A9cau_UQLArg,hospital_clinic,2,2077,19,0,1038.50,0.009148,0.5000,1038.5,1823.7,0.00
UCVoD0IPeUovuBHij32I5Jbg,UCVoD0IPeUovuBHij32I5Jbg,creator,3,2041,462,0,680.33,0.226360,0.6667,176,1386.4,0.00
UC77caM4HJbY4IyW3tIbbShg,UC77caM4HJbY4IyW3tIbbShg,creator,2,2027,6,0,1013.50,0.002960,1.0000,1013.5,1561.1000000000001,0.00
UC15_AGnISkye3y6reVN35tg,UC15_AGnISkye3y6reVN35tg,creator,4,1964,11,0,491.00,0.005601,0.5000,491,652.2,0.00
UC_kzH6xrqY1S92g78fhpmJQ,UC_kzH6xrqY1S92g78fhpmJQ,creator,1,1960,28,0,1960.00,0.014286,1.0000,1960,1960,0.00
UCMfo59VMFZgx_OdO0IVIJkA,UCMfo59VMFZgx_OdO0IVIJkA,creator,1,1946,48,29,1946.00,0.039568,0.0000,1946,1946,0.00
UCIUVgAxp2nnbjG9VlwLOOOg,UCIUVgAxp2nnbjG9VlwLOOOg,creator,1,1940,2,0,1940.00,0.001031,1.0000,1940,1940,0.00
UC9azyDO65fkyTOn0_m4CUAw,UC9azyDO65fkyTOn0_m4CUAw,creator,1,1915,22,0,1915.00,0.011488,1.0000,1915,1915,0.00
UCVZJKo81lKHb_FEL8I7fWeA,UCVZJKo81lKHb_FEL8I7fWeA,creator,1,1840,5,0,1840.00,0.002717,1.0000,1840,1840,0.00
UCUZEEccheJ0fdUQUbmSQtBA,UCUZEEccheJ0fdUQUbmSQtBA,creator,1,1827,9,0,1827.00,0.004926,1.0000,1827,1827,0.00
UC-xnT3XjrkvMrAzklbE0UKg,UC-xnT3XjrkvMrAzklbE0UKg,creator,3,1814,13,4,604.67,0.009372,0.3333,744,744,0.00
UCynCPrpg15mqsm6bqrd6TdQ,UCynCPrpg15mqsm6bqrd6TdQ,creator,4,1797,10,0,449.25,0.005565,1.0000,459,513.7,0.00
UCTiwiilZ0-ariTuT0doicAA,UCTiwiilZ0-ariTuT0doicAA,creator,2,1786,6,0,893.00,0.003359,1.0000,893,958.6,0.00
UC_pZP6iHxrqMpjfhp5su6Pw,UC_pZP6iHxrqMpjfhp5su6Pw,creator,2,1774,16,0,887.00,0.009019,1.0000,887,887,0.00
UCAqsyRG8VQGMOQM5Zx6wJeA,UCAqsyRG8VQGMOQM5Zx6wJeA,creator,2,1722,11,1,861.00,0.006969,1.0000,861,1197,0.00
UCwRiwU5tEFMYtP7eh6CjXaQ,UCwRiwU5tEFMYtP7eh6CjXaQ,creator,3,1710,7,0,570.00,0.004094,1.0000,498,683.6,0.00
UC08L1tO75kchsut-Jv5C2zA,UC08L1tO75kchsut-Jv5C2zA,hospital_clinic,4,1700,13,0,425.00,0.007647,1.0000,446,567,0.00
UCFd1S1ujbYrTpsBDvmn-YFw,UCFd1S1ujbYrTpsBDvmn-YFw,creator,2,1680,1,0,840.00,0.000595,1.0000,840,1253.6,0.00
UCZGMjgtQVYkrN8HmJqAsvmA,UCZGMjgtQVYkrN8HmJqAsvmA,hospital_clinic,1,1632,8,2,1632.00,0.006127,1.0000,1632,1632,0.00
UCMkJq3VQFIHe27WKfUgivzg,UCMkJq3VQFIHe27WKfUgivzg,creator,1,1610,9,0,1610.00,0.005590,1.0000,1610,1610,0.00
UCAX0aigEaMnMdOG2x5p0eOw,UCAX0aigEaMnMdOG2x5p0eOw,creator,3,1605,13,0,535.00,0.008100,0.3333,35,1235,0.00
UC2NZN9G-n-DgMANWMEj1Xdw,UC2NZN9G-n-DgMANWMEj1Xdw,creator,1,1589,11,0,1589.00,0.006923,1.0000,1589,1589,0.00
UChoU_Xt6lLvoSDcmhx8nFCQ,UChoU_Xt6lLvoSDcmhx8nFCQ,creator,4,1588,20,0,397.00,0.012594,0.5000,397,507,0.00
UCfw-pUuhkExkgqfobHxZPXA,UCfw-pUuhkExkgqfobHxZPXA,hospital_clinic,3,1541,24,2,513.67,0.016872,0.3333,573,714.6,0.00
UCR5R-Jk6ShznSQdNCMuCulA,UCR5R-Jk6ShznSQdNCMuCulA,hospital_clinic,1,1535,3,0,1535.00,0.001954,1.0000,1535,1535,0.00
UCpi3iP5MuL-OtoxrGNIOkoQ,UCpi3iP5MuL-OtoxrGNIOkoQ,creator,1,1514,20,0,1514.00,0.013210,1.0000,1514,1514,0.00
UC18Sm7HO1N6DMV8tGeS1vEw,UC18Sm7HO1N6DMV8tGeS1vEw,creator,1,1508,8,0,1508.00,0.005305,1.0000,1508,1508,0.00
UCmWYAvL0OudVKFDmmOSKFiQ,UCmWYAvL0OudVKFDmmOSKFiQ,creator,2,1479,3,0,739.50,0.002028,1.0000,739.5,1143.1,0.00
UCX8EK43-gbme5qhAqRE4jjQ,UCX8EK43-gbme5qhAqRE4jjQ,creator,1,1454,0,3,1454.00,0.002063,0.0000,1454,1454,0.00
UCY72jk3uDpkRkHFpIDcfaug,UCY72jk3uDpkRkHFpIDcfaug,creator,2,1430,5,0,715.00,0.003497,1.0000,715,1154.2,0.00
UCX4-YU-mPf2YEMNTCHDPYHw,UCX4-YU-mPf2YEMNTCHDPYHw,creator,1,1391,10,0,1391.00,0.007189,1.0000,1391,1391,0.00
UCLu9C1B4b1eEW1uQbyiM29g,UCLu9C1B4b1eEW1uQbyiM29g,creator,1,1386,6,0,1386.00,0.004329,1.0000,1386,1386,0.00
UCatd0QKKPG_WTDG1gJXFCFg,UCatd0QKKPG_WTDG1gJXFCFg,creator,1,1374,0,0,1374.00,0.000000,1.0000,1374,1374,0.00
UChXTq-7qSDvLcxtzsm5LKUQ,UChXTq-7qSDvLcxtzsm5LKUQ,creator,4,1334,14,0,333.50,0.010495,1.0000,298,435.20000000000005,0.00
UC2beaFgZY-o53vhwyMGA0gw,UC2beaFgZY-o53vhwyMGA0gw,creator,1,1278,35,14,1278.00,0.038341,0.0000,1278,1278,0.00
UCxevGBOlgR9cIk3AF2ekOHA,UCxevGBOlgR9cIk3AF2ekOHA,creator,1,1247,6,0,1247.00,0.004812,1.0000,1247,1247,0.00
UC-rYpRZQRqmcVYl6EjQJz6Q,UC-rYpRZQRqmcVYl6EjQJz6Q,creator,6,1222,24,2,203.67,0.021277,0.6667,151,399,0.00
UCNG-kErRpwUZNbPlXW0Mj9g,UCNG-kErRpwUZNbPlXW0Mj9g,creator,2,1222,34,12,611.00,0.037643,0.0000,611,611,0.00
UCHQ1sKCV0R3Xwk4-Ck2dV-A,UCHQ1sKCV0R3Xwk4-Ck2dV-A,creator,2,1196,48,4,598.00,0.043478,0.0000,598,598,0.00
UCtTohQBKEAZawd7fqNhmCIQ,UCtTohQBKEAZawd7fqNhmCIQ,creator,2,1174,12,0,587.00,0.010221,1.0000,587,589.4,0.00
UCrtLZ78KSFnupbJBZrYfEPw,UCrtLZ78KSFnupbJBZrYfEPw,creator,1,1160,5,0,1160.00,0.004310,1.0000,1160,1160,0.00
UCPZkIikv-3kg3jngirJcbmQ,UCPZkIikv-3kg3jngirJcbmQ,creator,1,1151,8,3,1151.00,0.009557,1.0000,1151,1151,0.00
UCTrDtoIMwRkJo06dUcQsXEw,UCTrDtoIMwRkJo06dUcQsXEw,creator,1,1141,2,0,1141.00,0.001753,1.0000,1141,1141,0.00
UCVowQXjUUwNADwW4N-VrZog,UCVowQXjUUwNADwW4N-VrZog,hospital_clinic,4,1122,3,0,280.50,0.002674,1.0000,330.5,337.4,0.00
UCZD48Se-kSXbQmAuvCvFqqw,UCZD48Se-kSXbQmAuvCvFqqw,creator,1,1103,3,0,1103.00,0.002720,1.0000,1103,1103,0.00
UCjnl0FreGqKR6WWdJuvUsjw,UCjnl0FreGqKR6WWdJuvUsjw,hospital_clinic,1,1037,272,3,1037.00,0.265188,0.0000,1037,1037,0.00
UCQdXdttJJTiHwCczJGkgRIg,UCQdXdttJJTiHwCczJGkgRIg,creator,2,1014,20,2,507.00,0.021696,0.0000,507,510.2,0.00
UCG2iZPY4iau8H8LwDapoDyQ,UCG2iZPY4iau8H8LwDapoDyQ,creator,3,1004,9,0,334.67,0.008964,0.0000,322,352.4,0.00
UCl_gUMWT3bXqa-xYjDWwiYA,UCl_gUMWT3bXqa-xYjDWwiYA,creator,2,988,38,8,494.00,0.046559,0.0000,494,494,0.00
UCo0awe62XA2d5pmKryhSG6A,UCo0awe62XA2d5pmKryhSG6A,creator,2,986,70,26,493.00,0.097363,0.0000,493,493,0.00
UCFavHcdjm0HF7fYix074-Pg,UCFavHcdjm0HF7fYix074-Pg,creator,2,970,5,0,485.00,0.005155,0.5000,485,850.6,0.00
UCoI_80yzSnXP_qAs7rRnY3g,UCoI_80yzSnXP_qAs7rRnY3g,hospital_clinic,1,939,3,0,939.00,0.003195,1.0000,939,939,0.00
UCYR8xk6Z4PT7_Y-ocwr2yOA,UCYR8xk6Z4PT7_Y-ocwr2yOA,hospital_clinic,2,926,6,0,463.00,0.006479,1.0000,463,463,0.00
UCEvR5_CfamKFIXFSh5GDnuQ,UCEvR5_CfamKFIXFSh5GDnuQ,creator,1,902,156,0,902.00,0.172949,0.0000,902,902,0.00
UC55uaoYjZfPDBmufAkH408w,UC55uaoYjZfPDBmufAkH408w,creator,2,898,2,0,449.00,0.002227,1.0000,449,449,0.00
UCodG0bJ3OICRA1bg4TBdU9A,UCodG0bJ3OICRA1bg4TBdU9A,creator,1,897,6,0,897.00,0.006689,1.0000,897,897,0.00
UC8hVivf-bg_-Vqzz4rZc2mg,UC8hVivf-bg_-Vqzz4rZc2mg,creator,2,880,8,0,440.00,0.009091,1.0000,440,440,0.00
UCzda5AC7Ms-oz-0sAEpS8qA,UCzda5AC7Ms-oz-0sAEpS8qA,creator,4,857,7,0,214.25,0.008168,1.0000,198,257.8,0.00
UCgCiirNw3YP8nuLN2PEaL4A,UCgCiirNw3YP8nuLN2PEaL4A,creator,2,848,3,0,424.00,0.003538,1.0000,424,470.4,0.00
UCH1Xhh3_raNHsHTaVRHju3A,UCH1Xhh3_raNHsHTaVRHju3A,creator,2,826,6,0,413.00,0.007264,1.0000,413,413,0.00
UC6_hzEipiV30HBB0H55p6Xw,UC6_hzEipiV30HBB0H55p6Xw,creator,3,814,13,1,271.33,0.017199,0.6667,277,375.4,0.00
UCmvZZXwdh_J-Es4u_R6iKHg,UCmvZZXwdh_J-Es4u_R6iKHg,hospital_clinic,3,804,10,0,268.00,0.012438,0.3333,23,615,0.00
UCSkUrFe7QCeCK7M13qIRuRQ,UCSkUrFe7QCeCK7M13qIRuRQ,creator,3,793,8,0,264.33,0.010088,0.0000,316,316,0.00
UCn5JLF4-bnegLgTo9ozkIcw,UCn5JLF4-bnegLgTo9ozkIcw,creator,1,777,13,4,777.00,0.021879,0.0000,777,777,0.00
UCKyPv84Szv_kUC7x4s-U3nw,UCKyPv84Szv_kUC7x4s-U3nw,creator,1,748,8,4,748.00,0.016043,1.0000,748,748,0.00
UCJXsrM0XT67WROf6vQy719A,UCJXsrM0XT67WROf6vQy719A,creator,1,720,3,0,720.00,0.004167,1.0000,720,720,0.00
UCRhJN1qXtyEmfu7u12M8KFw,UCRhJN1qXtyEmfu7u12M8KFw,creator,3,709,4,0,236.33,0.005642,0.6667,344,344.8,0.00
UC_0ofDFI1o6h47OV-OblJSQ,UC_0ofDFI1o6h47OV-OblJSQ,creator,2,696,20,0,348.00,0.028736,0.0000,348,348,0.00
UCSrL3gzR8bBS0B7r-z0mwxA,UCSrL3gzR8bBS0B7r-z0mwxA,creator,3,685,11,0,228.33,0.016058,0.6667,210,302.8,0.00
UCnQGAYumz3M7I_HHfAmLxMA,UCnQGAYumz3M7I_HHfAmLxMA,hospital_clinic,1,673,4,0,673.00,0.005944,1.0000,673,673,0.00
UCksVLLUNSeDDyiFF3IuKrww,UCksVLLUNSeDDyiFF3IuKrww,creator,1,672,3,0,672.00,0.004464,1.0000,672,672,0.00
UCvVRSo5EnhQJ1ZMuF8y9F0Q,UCvVRSo5EnhQJ1ZMuF8y9F0Q,creator,1,670,2,0,670.00,0.002985,1.0000,670,670,0.00
UCnGwQIgGA2vs4qCCUlGp6wA,UCnGwQIgGA2vs4qCCUlGp6wA,creator,1,668,13,0,668.00,0.019461,0.0000,668,668,0.00
UCV9cAJImma75-4Q1S_vDe0w,UCV9cAJImma75-4Q1S_vDe0w,creator,1,641,173,1,641.00,0.271451,0.0000,641,641,0.00
UC_G9F7ySalmj-q085Zgn36A,UC_G9F7ySalmj-q085Zgn36A,creator,1,636,19,4,636.00,0.036164,0.0000,636,636,0.00
UCtA3aCiB-uET-m_a8nXz03Q,UCtA3aCiB-uET-m_a8nXz03Q,creator,2,611,1,0,305.50,0.001637,1.0000,305.5,326.7,0.00
UC1a9biNtTFLXYgdoxvzoMKg,UC1a9biNtTFLXYgdoxvzoMKg,creator,1,609,0,0,609.00,0.000000,0.0000,609,609,0.00
UCHEg4ys4UEyzJ07rbz_d-4w,UCHEg4ys4UEyzJ07rbz_d-4w,creator,2,600,12,0,300.00,0.020000,1.0000,300,378.4,0.00
UCo1basVVrz_IZXEePolA5RA,UCo1basVVrz_IZXEePolA5RA,hospital_clinic,3,591,0,19,197.00,0.032149,0.6667,202,324.4,0.00
UCoi9u6GXET-Oh4y81ooO31Q,UCoi9u6GXET-Oh4y81ooO31Q,hospital_clinic,1,575,3,0,575.00,0.005217,1.0000,575,575,0.00
UCE-5YtEJ6J6nl4Odm2qMu3w,UCE-5YtEJ6J6nl4Odm2qMu3w,creator,1,520,10,0,520.00,0.019231,1.0000,520,520,0.00
UCl4uFDaQGweLwHnd0mloPdA,UCl4uFDaQGweLwHnd0mloPdA,creator,1,512,3,0,512.00,0.005859,1.0000,512,512,0.00
UCpAjKQ1b_bHvm96eSBrXdHQ,UCpAjKQ1b_bHvm96eSBrXdHQ,creator,1,510,12,2,510.00,0.027451,0.0000,510,510,0.00
UCNf2kpyequbZeHFlqgLJKUQ,UCNf2kpyequbZeHFlqgLJKUQ,creator,1,508,2,1,508.00,0.005906,1.0000,508,508,0.00
UCSJIqOWTb_1OBEriO0BwobA,UCSJIqOWTb_1OBEriO0BwobA,creator,2,508,0,0,254.00,0.000000,0.5000,254,450,0.00
UCWwJmDnHaxVCWoCeONaLzqw,UCWwJmDnHaxVCWoCeONaLzqw,creator,1,479,2,1,479.00,0.006263,1.0000,479,479,0.00
UC6WGulTntFHObYP-UseCtEA,UC6WGulTntFHObYP-UseCtEA,hospital_clinic,1,478,0,0,478.00,0.000000,1.0000,478,478,0.00
UCJZR7Zsi-aMrFwrZMG-D1NQ,UCJZR7Zsi-aMrFwrZMG-D1NQ,creator,1,465,2,0,465.00,0.004301,1.0000,465,465,0.00
UCkCaZ_DLD-I2hVHemxZo4RQ,UCkCaZ_DLD-I2hVHemxZo4RQ,hospital_clinic,1,444,3,0,444.00,0.006757,1.0000,444,444,0.00
UCodSBC4pLqNUYuB_o93OQhw,UCodSBC4pLqNUYuB_o93OQhw,creator,1,431,2,1,431.00,0.006961,1.0000,431,431,0.00
UC-o3y8LcZ8hOswkg5dTgUvg,UC-o3y8LcZ8hOswkg5dTgUvg,creator,4,427,14,0,106.75,0.032787,0.2500,105.5,162.5,0.00
UCP2zVtESzhRFhS0V-4JFRFg,UCP2zVtESzhRFhS0V-4JFRFg,creator,1,426,1,0,426.00,0.002347,1.0000,426,426,0.00
UC1S5r0UyTqCqych_LuCF27w,UC1S5r0UyTqCqych_LuCF27w,creator,1,423,2,0,423.00,0.004728,1.0000,423,423,0.00
UCeISn7AHbPIqXwWKCB_6eHg,UCeISn7AHbPIqXwWKCB_6eHg,creator,1,404,15,1,404.00,0.039604,0.0000,404,404,0.00
UCkSAUglMtJFG7YZuElAsQNg,UCkSAUglMtJFG7YZuElAsQNg,creator,1,401,1,0,401.00,0.002494,1.0000,401,401,0.00
UCbzhS2IbxjTFXbNLhNI0HLQ,UCbzhS2IbxjTFXbNLhNI0HLQ,creator,1,393,0,6,393.00,0.015267,0.0000,393,393,0.00
UChNs3SetnJdRoLmOmXpww2A,UChNs3SetnJdRoLmOmXpww2A,creator,1,393,4,1,393.00,0.012723,1.0000,393,393,0.00
UC4a66iS2S_CVDi7vQOd5Trw,UC4a66iS2S_CVDi7vQOd5Trw,creator,1,393,1,0,393.00,0.002545,1.0000,393,393,0.00
UCtpz9DwD4_yi6kQaQyItirA,UCtpz9DwD4_yi6kQaQyItirA,hospital_clinic,1,374,2,3,374.00,0.013369,1.0000,374,374,0.00
UC8FCk6fPAlplNV8N_aE5k-w,UC8FCk6fPAlplNV8N_aE5k-w,creator,2,371,7,4,185.50,0.029650,0.5000,185.5,285.9,0.00
UCTxRsVeVmkYxI3DVyKL1Ibg,UCTxRsVeVmkYxI3DVyKL1Ibg,creator,3,363,26,7,121.00,0.090909,0.0000,42,231.60000000000002,0.00
UC47_gOo1ysXgVrVITBp6rmA,UC47_gOo1ysXgVrVITBp6rmA,creator,2,351,4,0,175.50,0.011396,0.5000,175.5,289.5,0.00
UCWR-CGXI21SpuCPr5fChhyw,UCWR-CGXI21SpuCPr5fChhyw,creator,1,349,3,0,349.00,0.008596,1.0000,349,349,0.00
UCVdRa8G8n-Er_-zHk9IEFRw,UCVdRa8G8n-Er_-zHk9IEFRw,creator,1,335,1,0,335.00,0.002985,1.0000,335,335,0.00
UC-VMUFnRY_Wy6UEOB4hEDFQ,UC-VMUFnRY_Wy6UEOB4hEDFQ,creator,2,326,12,12,163.00,0.073620,0.0000,163,163,0.00
UC8ynRl4mUwAODAo_GgOxCbw,UC8ynRl4mUwAODAo_GgOxCbw,creator,1,319,5,6,319.00,0.034483,1.0000,319,319,0.00
UCsgXWMZT16_Dzkd1QO6_9Bg,UCsgXWMZT16_Dzkd1QO6_9Bg,creator,1,304,2,0,304.00,0.006579,1.0000,304,304,0.00
UCMyMDshF8_TqZHsJz4lkzeQ,UCMyMDshF8_TqZHsJz4lkzeQ,hospital_clinic,1,304,0,0,304.00,0.000000,1.0000,304,304,0.00
UCXqkIPCc6yWGN8QRijNCxiw,UCXqkIPCc6yWGN8QRijNCxiw,creator,1,295,1,0,295.00,0.003390,1.0000,295,295,0.00
UCYRaWZ4evX2SR5fuSGUX-4g,UCYRaWZ4evX2SR5fuSGUX-4g,creator,1,278,0,0,278.00,0.000000,1.0000,278,278,0.00
UCjqwHrk39tox9ToJDiuj5Iw,UCjqwHrk39tox9ToJDiuj5Iw,creator,2,272,2,0,136.00,0.007353,1.0000,136,136,0.00
UC8SDxaPyY_uoTvEYL0pxeMA,UC8SDxaPyY_uoTvEYL0pxeMA,creator,1,271,0,0,271.00,0.000000,1.0000,271,271,0.00
UCr7a-EmdaaeyoBfwU1H4R3A,UCr7a-EmdaaeyoBfwU1H4R3A,creator,1,270,2,0,270.00,0.007407,1.0000,270,270,0.00
UCxOtenVJb6N6mhLfTnyo10Q,UCxOtenVJb6N6mhLfTnyo10Q,creator,2,255,22,1,127.50,0.090196,0.0000,127.5,151.9,0.00
UCx8uHdZRCYFeEIrLfQ5SXzA,UCx8uHdZRCYFeEIrLfQ5SXzA,creator,2,248,8,0,124.00,0.032258,0.0000,124,124,0.00
UC9cU8mJSdrC_U0gEObq-XFw,UC9cU8mJSdrC_U0gEObq-XFw,creator,1,244,7,8,244.00,0.061475,0.0000,244,244,0.00
UCwes9aZbVRQIzdppanA-oiw,UCwes9aZbVRQIzdppanA-oiw,creator,1,230,7,0,230.00,0.030435,1.0000,230,230,0.00
UCeKdHJw8k761N627DKOMp8g,UCeKdHJw8k761N627DKOMp8g,creator,1,219,1,0,219.00,0.004566,0.0000,219,219,0.00
UCnv5H-xklAgapR7wbuBMNMw,UCnv5H-xklAgapR7wbuBMNMw,creator,2,217,6,0,108.50,0.027650,0.5000,108.5,189.70000000000002,0.00
UC_13aQtM36ZJDnwwr3DIfiQ,UC_13aQtM36ZJDnwwr3DIfiQ,creator,3,208,5,1,69.33,0.028846,0.0000,65,81,0.00
UCyMpNOLuHWQB1Dk9atWu22w,UCyMpNOLuHWQB1Dk9atWu22w,creator,1,192,1,0,192.00,0.005208,1.0000,192,192,0.00
UCjUKjteIIeD8sQFGlme1-HQ,UCjUKjteIIeD8sQFGlme1-HQ,creator,1,174,0,0,174.00,0.000000,1.0000,174,174,0.00
UCwKT-jeLP09j6sBZ0zP75uQ,UCwKT-jeLP09j6sBZ0zP75uQ,creator,2,170,8,0,85.00,0.047059,0.0000,85,85,0.00
UC5flkV-X1ahz3Ms46xIqEjw,UC5flkV-X1ahz3Ms46xIqEjw,creator,2,162,0,0,81.00,0.000000,0.0000,81,133.8,0.00
UCfJs7A4qN0AEEIZXBTe8vmw,UCfJs7A4qN0AEEIZXBTe8vmw,creator,1,147,13,0,147.00,0.088435,0.0000,147,147,0.00
UCZZw3Ncmew0yTY7-CiVh8zA,UCZZw3Ncmew0yTY7-CiVh8zA,creator,1,135,1,0,135.00,0.007407,0.0000,135,135,0.00
UCu1bt7gD-XFKHmi5Szl8LNA,UCu1bt7gD-XFKHmi5Szl8LNA,hospital_clinic,6,113,9,8,18.83,0.150442,1.0000,17.5,33,0.00
UC67WVtVmE6T-4iyDuJEtkJA,UC67WVtVmE6T-4iyDuJEtkJA,creator,1,113,3,3,113.00,0.053097,0.0000,113,113,0.00
UCC7nzyuOd5QRsqaNqLpb-Fg,UCC7nzyuOd5QRsqaNqLpb-Fg,hospital_clinic,1,102,0,0,102.00,0.000000,1.0000,102,102,0.00
UC93xjAviFM-t4ECyLx3d4PQ,UC93xjAviFM-t4ECyLx3d4PQ,creator,2,88,8,0,44.00,0.090909,0.0000,44,44,0.00
UCUBgJJ0q9hDesoKbUqYUIDQ,UCUBgJJ0q9hDesoKbUqYUIDQ,creator,1,85,5,1,85.00,0.070588,0.0000,85,85,0.00
UCjGnr3NEWkojZzI4VDo93aA,UCjGnr3NEWkojZzI4VDo93aA,creator,3,70,11,2,23.33,0.185714,0.0000,22,25.2,0.00
UCzYDScJe4LsvxnOfNDiG-_Q,UCzYDScJe4LsvxnOfNDiG-_Q,creator,1,57,4,0,57.00,0.070175,1.0000,57,57,0.00
UCi66N8gqXoh3j0EdfY835iw,UCi66N8gqXoh3j0EdfY835iw,creator,1,56,4,8,56.00,0.214286,0.0000,56,56,0.00
UCGkjoXXb49emd42Omjv6spw,UCGkjoXXb49emd42Omjv6spw,hospital_clinic,1,55,6,0,55.00,0.109091,0.0000,55,55,0.00
UCSif1ffMeU2AZThq3gjIAlQ,UCSif1ffMeU2AZThq3gjIAlQ,creator,2,45,6,0,22.50,0.133333,0.0000,22.5,28.5,0.00
UC4sydiRymzyzxMlbpPu7Oog,UC4sydiRymzyzxMlbpPu7Oog,creator,1,41,5,0,41.00,0.121951,0.0000,41,41,0.00
UCxL-mycH-upGWCkUEjbjOeA,UCxL-mycH-upGWCkUEjbjOeA,creator,1,41,0,0,41.00,0.000000,0.0000,41,41,0.00
UCZ-_l9CDbRjvtQUM9Bd6XHQ,UCZ-_l9CDbRjvtQUM9Bd6XHQ,creator,1,40,1,0,40.00,0.025000,0.0000,40,40,0.00
UCiSxZMQ1QXEi5GPnK7KkPEQ,UCiSxZMQ1QXEi5GPnK7KkPEQ,creator,2,38,0,0,19.00,0.000000,0.0000,19,19,0.00
UC_H66Kh6WITdphDmrXpDtaA,UC_H66Kh6WITdphDmrXpDtaA,hospital_clinic,5,27,4,4,5.40,0.296296,0.0000,4,10.8,0.00
UC1i1zsSYxWulodVTkPcERFA,UC1i1zsSYxWulodVTkPcERFA,hospital_clinic,1,27,2,0,27.00,0.074074,0.0000,27,27,0.00
UCLFZSqhNRDq34aZrOTowd6w,UCLFZSqhNRDq34aZrOTowd6w,creator,1,27,0,0,27.00,0.000000,0.0000,27,27,0.00
UCgjHSni4RFcF1AN61S9c0dg,UCgjHSni4RFcF1AN61S9c0dg,creator,1,25,5,0,25.00,0.200000,0.0000,25,25,0.00
UCWkbb37aqQaRaYLDuGXy8oA,UCWkbb37aqQaRaYLDuGXy8oA,creator,1,20,0,0,20.00,0.000000,0.0000,20,20,0.00
UCPK4NnhUBP-ue2IJQPP8u8Q,UCPK4NnhUBP-ue2IJQPP8u8Q,creator,1,12,0,0,12.00,0.000000,0.0000,12,12,0.00
UCNTHCkhxg03_a5P4vnailbw,UCNTHCkhxg03_a5P4vnailbw,creator,1,12,1,0,12.00,0.083333,0.0000,12,12,0.00
UCUk2Mne42mJ7dFASfEjrtyw,UCUk2Mne42mJ7dFASfEjrtyw,creator,2,10,0,0,5.00,0.000000,0.0000,5,5.8,0.00
UCw1Hs-87H7vxsVAzDCt0Uhg,UCw1Hs-87H7vxsVAzDCt0Uhg,hospital_clinic,1,10,1,0,10.00,0.100000,0.0000,10,10,0.00
UCqGKFDGeUgGyCvA5y_8we8g,UCqGKFDGeUgGyCvA5y_8we8g,hospital_clinic,1,6,2,0,6.00,0.333333,0.0000,6,6,0.00
UCrmVhir-RrJWZ8penGf0SIA,UCrmVhir-RrJWZ8penGf0SIA,creator,1,6,0,1,6.00,0.166667,0.0000,6,6,0.00
UCYnj6z2HBIV20MW1nb68-Sg,UCYnj6z2HBIV20MW1nb68-Sg,creator,1,6,0,1,6.00,0.166667,0.0000,6,6,0.00
UC2t-dX7ZLPInGJxXiJ0EfDA,UC2t-dX7ZLPInGJxXiJ0EfDA,creator,1,3,0,1,3.00,0.333333,0.0000,3,3,0.00
UCFlIZOH2U2IY2OvknTye6yQ,UCFlIZOH2U2IY2OvknTye6yQ,creator,1,3,0,1,3.00,0.333333,0.0000,3,3,0.00
UC5aw8Gm-zGrYK3-1vhQOFwA,UC5aw8Gm-zGrYK3-1vhQOFwA,creator,1,2,0,1,2.00,0.500000,0.0000,2,2,0.00
UCmny52KsEmekdJ76DTDKjPA,UCmny52KsEmekdJ76DTDKjPA,creator,1,2,0,0,2.00,0.000000,0.0000,2,2,0.00
UCMlkChH1IR2b88eit57eMjA,UCMlkChH1IR2b88eit57eMjA,creator,1,1,0,0,1.00,0.000000,0.0000,1,1,0.00
UCIt3u7FvzeahOMgE9Mxmp3g,UCIt3u7FvzeahOMgE9Mxmp3g,creator,1,1,0,1,1.00,1.000000,0.0000,1,1,0.00
UCRWG6ex16QYOqxmtrVT19wA,UCRWG6ex16QYOqxmtrVT19wA,creator,1,1,0,1,1.00,1.000000,0.0000,1,1,0.00
UCIbwsLY2V-2CgQQ3cevQAGw,UCIbwsLY2V-2CgQQ3cevQAGw,creator,1,0,0,0,0.00,0.000000,0.0000,0,0,0.00
UCqv8hkSj3pujRkIyJXKyL8g,UCqv8hkSj3pujRkIyJXKyL8g,creator,1,0,0,1,0.00,0.000000,0.0000,0,0,0.00
UCpkxVo3DTlc-x1qNWdBr03Q,UCpkxVo3DTlc-x1qNWdBr03Q,creator,1,0,0,1,0.00,0.000000,0.0000,0,0,0.00
-,-,creator,1,0,0,0,0.00,0.000000,0.0000,0,0,0.00
UCaCYiweMo3xsNtTRW38icKA,UCaCYiweMo3xsNtTRW38icKA,creator,1,0,0,0,0.00,0.000000,0.0000,0,0,0.00
UC7SwDicNnt_ifJ6TxtrIdlA,UC7SwDicNnt_ifJ6TxtrIdlA,creator,1,0,0,1,0.00,0.000000,0.0000,0,0,0.00
UCwiXY7vSoDc284m77wug-vw,UCwiXY7vSoDc284m77wug-vw,creator,1,0,0,1,0.00,0.000000,0.0000,0,0,0.00
UCrTbfj73iXMn4jJUmIysXeg,UCrTbfj73iXMn4jJUmIysXeg,creator,1,0,0,1,0.00,0.000000,0.0000,0,0,0.00
UC8y1HvYk_V0jyl0XgOkRGzQ,UC8y1HvYk_V0jyl0XgOkRGzQ,creator,1,0,0,1,0.00,0.000000,0.0000,0,0,0.00