기기구분,No.,작업일,진행카페,작업ULR,닉네임
리프테라,1,2025.09.02,재잘재잘,https://cafe.naver.com/knife67/406134,송송브리또
리프테라,2,2025.09.02,여우야+,https://cafe.naver.com/fox5282/4363774,김여쭈
리프테라,3,2025.09.02,성형위키백과,https://cafe.naver.com/juliett00/1498764,뽀미뽀미언냐
리프테라,4,2025.09.03,재잘재잘,https://cafe.naver.com/knife67/407399,송송브리또
리프테라,5,2025.09.03,여우야+,https://cafe.naver.com/fox5282/4366425,김여쭈
리프테라,6,2025.09.03,성형위키백과,https://cafe.naver.com/juliett00/1499667,뽀미뽀미언냐
리프테라,7,2025.09.01,여우야,https://cafe.naver.com/feko/9857840,사고치쟈
리프테라,8,2025.09.01,여우야,https://cafe.naver.com/feko/9858364,너무쉽게
리프테라,9,2025.09.02,여우야,https://cafe.naver.com/feko/9861844,또란이
리프테라,10,2025.09.02,여우야,https://cafe.naver.com/feko/9862983,널너무나
리프테라,11,2025.09.04,재잘재잘,https://cafe.naver.com/knife67/408697,그날의깊이쏙
리프테라,12,2025.09.04,여우야+,https://cafe.naver.com/fox5282/4369237,푸른바다쓰
리프테라,13,2025.09.05,재잘재잘,https://cafe.naver.com/knife67/409918,예지닝
리프테라,14,2025.09.05,여우야+,https://cafe.naver.com/fox5282/4372138,미요닝
리프테라,15,2025.09.07,재잘재잘,https://cafe.naver.com/knife67/411352,송송브리또
리프테라,16,2025.09.07,여우야+,https://cafe.naver.com/fox5282/4375009,김여쭈
리프테라,17,2025.09.07,성형위키백과,https://cafe.naver.com/juliett00/1502341,뽀미뽀미언냐
리프테라,18,2025.09.03,여우야,https://cafe.naver.com/feko/9866919,또란이
리프테라,19,2025.09.03,여우야,https://cafe.naver.com/feko/9867341,해줄수가
리프테라,20,2025.09.04,여우야,https://cafe.naver.com/feko/9868973,흐룰룰루얌
리프테라,21,2025.09.04,여우야,https://cafe.naver.com/feko/9876982,소보루냠냠
리프테라,22,2025.09.05,여우야,https://cafe.naver.com/feko/9876186,디센던
리프테라,23,2025.09.05,여우야,https://cafe.naver.com/feko/9875161,흐룰룰루얌
리프테라,24,2025.09.07,여우야,https://cafe.naver.com/feko/9877741,싐싐
리프테라,25,2025.09.07,여우야,https://cafe.naver.com/feko/9878062,지키라우
리프테라,26,2025.09.09,재잘재잘,https://cafe.naver.com/knife67/412774,송송브리또
리프테라,27,2025.09.09,여우야+,https://cafe.naver.com/fox5282/4377710,김여쭈
리프테라,28,2025.09.09,성형위키백과,https://cafe.naver.com/juliett00/1503276,뽀미뽀미언냐
리프테라,29,2025.09.09,여우야,https://cafe.naver.com/feko/9885027,나를봐라바
리프테라,30,2025.09.09,여우야+,https://cafe.naver.com/fox5282/4379189,수구리
리프테라,31,2025.09.08,여우야,https://cafe.naver.com/feko/9882000,흐룰룰루얌
리프테라,32,2025.09.08,여우야,https://cafe.naver.com/feko/9882513,오엠디디
리프테라,33,2025.09.09,여우야,https://cafe.naver.com/feko/9886328,츄혼
리프테라,34,2025.09.09,여우야,https://cafe.naver.com/feko/9886967,싐싐
리프테라,35,2025.09.10,성형위키백과,https://cafe.naver.com/juliett00/1504186,돌이킬수없는
리프테라,36,2025.09.10,여우야,https://cafe.naver.com/feko/9889685,개코루
리프테라,37,2025.09.10,여우야+,https://cafe.naver.com/fox5282/4381493,댓츄
리프테라,38,2025.09.10,여우야,https://cafe.naver.com/feko/9890222,오엠디디
리프테라,39,2025.09.10,여우야,https://cafe.naver.com/feko/9891641,옹그라미
리프테라,40,2025.09.11,여우야,https://cafe.naver.com/feko/9895526,옹그라미
리프테라,41,2025.09.11,여우야,https://cafe.naver.com/feko/9896311,도어락이
리프테라,42,2025.09.12,재잘재잘,https://cafe.naver.com/knife67/417265,달리잖아
리프테라,43,2025.09.12,여우야+,https://cafe.naver.com/fox5282/4385411,원쑹잉
리프테라,44,2025.09.13,재잘재잘,https://cafe.naver.com/knife67/418391,송송브리또
리프테라,45,2025.09.13,여우야+,https://cafe.naver.com/fox5282/4387586,김여쭈
리프테라,46,2025.09.13,성형위키백과,https://cafe.naver.com/juliett00/1506535,뽀미뽀미언냐
리프테라,47,2025.09.14,성형위키백과,https://cafe.naver.com/juliett00/1506693,뽀미뽀미언냐
리프테라,48,2025.09.14,여우야+,https://cafe.naver.com/fox5282/4388481,원쑹잉
리프테라,49,2025.09.14,재잘재잘,https://cafe.naver.com/knife67/418941,달리잖아
리프테라,50,2025.09.15,재잘재잘,https://cafe.naver.com/knife67/420165,송송브리또
리프테라,51,2025.09.15,여우야+,https://cafe.naver.com/fox5282/4391043,김여쭈
리프테라,52,2025.09.15,재잘재잘,https://cafe.naver.com/knife67/420190,뽀미뽀미언냐
리프테라,53,2025.09.15,여우야+,https://cafe.naver.com/fox5282/4391079,마음의꿈질
리프테라,54,2025.09.17,재잘재잘,https://cafe.naver.com/knife67/421558,송송브리또
리프테라,55,2025.09.17,성형위키백과,https://cafe.naver.com/juliett00/1509452,돌이킬수없는
리프테라,56,2025.09.17,여우야+,https://cafe.naver.com/fox5282/4393786,김여쭈
리프테라,57,2025.09.12,여우야,https://cafe.naver.com/feko/9900169,오엠디디
리프테라,58,2025.09.13,여우야,https://cafe.naver.com/feko/9901121,재밌게살아
리프테라,59,2025.09.14,여우야,https://cafe.naver.com/feko/9902325,오엠디디
리프테라,60,2025.09.15,여우야,https://cafe.naver.com/feko/9902953,흐룰룰루얌
리프테라,61,2025.09.15,여우야,https://cafe.naver.com/feko/9906355,옹그라미
리프테라,62,2025.09.16,여우야,https://cafe.naver.com/feko/9910237,또란이
리프테라,63,2025.09.16,여우야,https://cafe.naver.com/feko/9910978,진짜라니깐용
리프테라,64,2025.09.17,여우야,https://cafe.naver.com/feko/9915893,사빠달달
리프테라,65,2025.09.17,여우야,https://cafe.naver.com/feko/9916062,그래도난널
리프테라,66,2025.09.18,여우야,https://cafe.naver.com/feko/9919865,사빠달달
리프테라,67,2025.09.18,여우야,https://cafe.naver.com/feko/9920568,옹그라미
리프테라,68,2025.09.20,여우야,https://cafe.naver.com/feko/9925037,개코루
리프테라,69,2025.09.20,성형위키백과,https://cafe.naver.com/juliett00/1511145,깡주구
리프테라,70,2025.09.20,여우야,https://cafe.naver.com/feko/9925125,스펠스
리프테라,71,2025.09.20,여생남정,https://cafe.naver.com/suddes/3962968,씨쓰루
리프테라,72,2025.09.20,시크먼트,https://cafe.naver.com/parisienlook/5574622,쏨타임
리프테라,73,2025.09.20,여우야,https://cafe.naver.com/feko/9925139,캐러멀
리프테라,74,2025.09.21,여우야,https://cafe.naver.com/feko/9926344,최고미
리프테라,75,2025.09.21,성형위키백과,https://cafe.naver.com/juliett00/1511265,아슬아술
리프테라,76,2025.09.21,여우야+,https://cafe.naver.com/fox5282/4401711,유칼
리프테라,77,2025.09.21,여생남정,https://cafe.naver.com/suddes/3963052,보기온
리프테라,78,2025.09.21,여우야,https://cafe.naver.com/feko/9926360,리센스
리프테라,79,2025.09.21,여우야,https://cafe.naver.com/feko/9926376,수트
리프테라,80,2025.09.21,여우야,https://cafe.naver.com/feko/9926464,닛지
리프테라,81,2025.09.20,성형위키백과,https://cafe.naver.com/juliett00/1511131,뽀미뽀미언냐
리프테라,82,2025.09.20,재잘재잘,https://cafe.naver.com/knife67/425336,실버뚜집사
리프테라,83,2025.09.20,여우야+,https://cafe.naver.com/fox5282/4401095,가비얼리
리프테라,84,2025.09.20,재잘재잘,https://cafe.naver.com/knife67/425552,달리잖아
리프테라,85,2025.09.20,여우야+,https://cafe.naver.com/fox5282/4401319,원쑹잉
리프테라,86,2025.09.21,성형위키백과,https://cafe.naver.com/juliett00/1511306,뽀미뽀미언냐
리프테라,87,2025.09.21,재잘재잘,https://cafe.naver.com/knife67/426019,실버뚜집사
리프테라,88,2025.09.21,재잘재잘,https://cafe.naver.com/knife67/426032,그날의깊이쏙
리프테라,89,2025.09.21,여우야+,https://cafe.naver.com/fox5282/4401964,푸른바다쓰
리프테라,90,2025.09.22,여우야+,https://cafe.naver.com/fox5282/4402800,꽃바니
리프테라,91,2025.09.22,여우야,https://cafe.naver.com/feko/9928434,꽃큐
리프테라,92,2025.09.22,여우야,https://cafe.naver.com/feko/9930256,영광이야
리프테라,93,2025.09.22,여우야+,https://cafe.naver.com/fox5282/4403661,오탱
리프테라,94,2025.09.22,여우야,https://cafe.naver.com/feko/9930662,와쇼
리프테라,95,2025.09.22,성형위키백과,https://cafe.naver.com/juliett00/1512006,풍경
리프테라,96,2025.09.19,여우야,https://cafe.naver.com/feko/9924835,오엠디디
리프테라,97,2025.09.20,여우야,https://cafe.naver.com/feko/9925373,호밀빵러버
리프테라,98,2025.09.20,여우야,https://cafe.naver.com/feko/9925887,오엠디디
리프테라,99,2025.09.21,여우야,https://cafe.naver.com/feko/9931069,소보루냠냠
리프테라,100,2025.09.22,여우야,https://cafe.naver.com/feko/9931487,옹그라미
리프테라,101,2025.09.22,여우야,https://cafe.naver.com/feko/9935263,찌릉
리프테라,102,2025.09.23,여우야,https://cafe.naver.com/feko/9935578,나를봐라바
리프테라,103,2025.09.23,성형위키백과,https://cafe.naver.com/juliett00/1512974,나도날알아
리프테라,104,2025.09.23,여우야,https://cafe.naver.com/feko/9935699,있숩니다
리프테라,105,2025.09.23,여우야+,https://cafe.naver.com/fox5282/4406503,올라이
리프테라,106,2025.09.23,여우야,https://cafe.naver.com/feko/9935785,찬란하지
리프테라,107,2025.09.23,여생남정,https://cafe.naver.com/suddes/3964184,콧흐
리프테라,108,2025.09.24,재잘재잘,https://cafe.naver.com/knife67/428713,날따라오시오
리프테라,109,2025.09.24,여우야+,https://cafe.naver.com/fox5282/4407010,마음의꿈질
리프테라,110,2025.09.24,여우야,https://cafe.naver.com/feko/9940876,나도알았어
리프테라,111,2025.09.24,여우야+,https://cafe.naver.com/fox5282/4409324,이제양
리프테라,112,2025.09.24,여우야,https://cafe.naver.com/feko/9940934,원지씌
리프테라,113,2025.09.24,성형위키백과,https://cafe.naver.com/juliett00/1513984,언뉘
리프테라,114,2025.09.24,여우야+,https://cafe.naver.com/fox5282/4409348,미안해쏘
리프테라,115,2025.09.24,여우야,https://cafe.naver.com/feko/9940967,어떨까
리프테라,116,2025.09.24,재잘재잘,https://cafe.naver.com/knife67/430045,예지닝
리프테라,117,2025.09.24,여우야+,https://cafe.naver.com/fox5282/4409532,미요닝
리프테라,118,2025.09.24,성형위키백과,https://cafe.naver.com/juliett00/1514035,소미닌
리프테라,119,2025.09.23,여우야,https://cafe.naver.com/feko/9936621,사빠달달
리프테라,120,2025.09.24,여우야,https://cafe.naver.com/feko/9939945,윤쓰잡잡
리프테라,121,2025.09.24,여우야,https://cafe.naver.com/feko/9941701,원덥훌
리프테라,122,2025.09.25,여우야,https://cafe.naver.com/feko/9944709,오엠디디
리프테라,123,2025.09.25,여우야,https://cafe.naver.com/feko/9945199,개코루
리프테라,124,2025.09.25,여생남정,https://cafe.naver.com/suddes/3965470,코피땅콩
리프테라,125,2025.09.24,성형위키백과,https://cafe.naver.com/juliett00/1514882,두걸음에도
리프테라,126,2025.09.25,여우야,https://cafe.naver.com/feko/9945247,장겨울
리프테라,127,2025.09.25,여우야,https://cafe.naver.com/feko/9945284,쿠에잉
리프테라,128,2025.09.25,여우야+,https://cafe.naver.com/fox5282/4411983,아무걱정마
리프테라,129,2025.09.25,여우야+,https://cafe.naver.com/fox5282/4411728,가비얼리
리프테라,130,2025.09.25,성형위키백과,https://cafe.naver.com/juliett00/1514792,돌이킬수없는
리프테라,131,2025.09.26,성형위키백과,https://cafe.naver.com/juliett00/1515657,마리클
리프테라,132,2025.09.26,여우야,https://cafe.naver.com/feko/9948795,스펠스
리프테라,133,2025.09.26,여우야,https://cafe.naver.com/feko/9948885,캐러멀
리프테라,134,2025.09.26,여우야+,https://cafe.naver.com/fox5282/4414088,구캥
리프테라,135,2025.09.26,파우더룸,https://cafe.naver.com/cosmania/38235224,투디엔
리프테라,136,2025.09.26,여우야,https://cafe.naver.com/feko/9948942,닛지
리프테라,137,2025.09.28,여우야,https://cafe.naver.com/feko/9950741,황굼
리프테라,138,2025.09.28,여우야+,https://cafe.naver.com/fox5282/4415166,구웃뜨
리프테라,139,2025.09.28,여우야,https://cafe.naver.com/feko/9950751,니베이
리프테라,140,2025.09.28,성형위키백과,https://cafe.naver.com/juliett00/1515900,으무자
리프테라,141,2025.09.28,여생남정,https://cafe.naver.com/suddes/3966201,야뮤츄
리프테라,142,2025.09.28,여우야,https://cafe.naver.com/feko/9950831,있숩니다
리프테라,143,2025.09.27,재잘재잘,https://cafe.naver.com/knife67/432860,송송브리또
리프테라,144,2025.09.27,여우야+,https://cafe.naver.com/fox5282/4414668,김여쭈
리프테라,145,2025.09.29,여우야,https://cafe.naver.com/feko/9951520,나만봐라바
리프테라,146,2025.09.28,여우야,https://cafe.naver.com/feko/9951606,장겨울
리프테라,147,2025.09.26,여우야,https://cafe.naver.com/feko/9947766,얼취기
리프테라,148,2025.09.26,여우야,https://cafe.naver.com/feko/9949018,사빠달달
리프테라,149,2025.09.28,여우야,https://cafe.naver.com/feko/9950836,옹그라미
리프테라,150,2025.09.28,여우야,https://cafe.naver.com/feko/9951130,클래식기타
리프테라,151,2025.09.29,여우야,https://cafe.naver.com/feko/9953071,재밌게살아
리프테라,152,2025.09.29,여우야,https://cafe.naver.com/feko/9954952,사빠달달
리프테라,153,2025.09.29,여우야,https://cafe.naver.com/feko/9955269,할슈슈슈슈
리프테라,154,2025.09.30,여우야,https://cafe.naver.com/feko/9956863,독개비
리프테라,155,2025.09.30,여우야,https://cafe.naver.com/feko/9959157,사빠달달
쿨페이즈,1,2025.09.01,여우야,https://cafe.naver.com/feko/9858783,밤하늘의별그대
쿨페이즈,2,2025.09.01,성형위키백과,https://cafe.naver.com/juliett00/1498727,희똥이맘마
쿨페이즈,3,2025.09.01,여생남정,https://cafe.naver.com/suddes/3953833,쓰라린아픔
쿨페이즈,4,2025.09.02,재잘재잘,https://cafe.naver.com/knife67/406134,송송브리또
쿨페이즈,5,2025.09.02,여우야+,https://cafe.naver.com/fox5282/4363774,김여쭈
쿨페이즈,6,2025.09.02,성형위키백과,https://cafe.naver.com/juliett00/1498764,뽀미뽀미언냐
쿨페이즈,7,2025.09.02,여우야,https://cafe.naver.com/feko/9863224,라쿤질
쿨페이즈,8,2025.09.02,여생남정,https://cafe.naver.com/suddes/3954500,늘기다림속
쿨페이즈,9,2025.09.02,여우야,https://cafe.naver.com/feko/9863269,가을보리차
쿨페이즈,10,2025.09.02,성형위키백과,https://cafe.naver.com/juliett00/1499654,맑은날씨하늘
쿨페이즈,11,2025.09.02,여생남정,https://cafe.naver.com/suddes/3954504,칼국수파전
쿨페이즈,12,2025.09.03,재잘재잘,https://cafe.naver.com/knife67/407399,송송브리또
쿨페이즈,13,2025.09.03,여우야+,https://cafe.naver.com/fox5282/4366425,김여쭈
쿨페이즈,14,2025.09.03,성형위키백과,https://cafe.naver.com/juliett00/1499667,뽀미뽀미언냐
쿨페이즈,15,2025.09.03,아이러브진구맘,https://cafe.naver.com/ilovejgmom/129271,윤쫀이글
쿨페이즈,16,2025.09.03,지후맘,https://cafe.naver.com/1msanbu/3216741,박아른
쿨페이즈,17,2025.09.03,서울노원맘,https://cafe.naver.com/seongpick/8985,이쁜이용
쿨페이즈,18,2025.09.03,여우야,https://cafe.naver.com/feko/9867429,클로버마그마
쿨페이즈,19,2025.09.03,여우야+,https://cafe.naver.com/fox5282/4368956,태양의허그
쿨페이즈,20,2025.09.04,재잘재잘,https://cafe.naver.com/knife67/408697,그날의깊이쏙
쿨페이즈,21,2025.09.04,여우야+,https://cafe.naver.com/fox5282/4369237,푸른바다쓰
쿨페이즈,22,2025.09.04,여우야,https://cafe.naver.com/feko/9872144,전시회고수
쿨페이즈,23,2025.09.04,여생남정,https://cafe.naver.com/suddes/3955838,오토스틱
쿨페이즈,24,2025.09.05,재잘재잘,https://cafe.naver.com/knife67/409918,예지닝
쿨페이즈,25,2025.09.05,여우야+,https://cafe.naver.com/fox5282/4372138,미요닝
쿨페이즈,26,2025.09.05,아이러브진구맘,https://cafe.naver.com/ilovejgmom/129413,김아랑 부암동
쿨페이즈,27,2025.09.05,지후맘,https://cafe.naver.com/1msanbu/3217668,널위한멜로딩
쿨페이즈,28,2025.09.05,동탄스토리,https://cafe.naver.com/minskin7679/97031,그날기술
쿨페이즈,29,2025.09.05,여우야,https://cafe.naver.com/feko/9875821,이솔소나무
쿨페이즈,30,2025.09.05,여생남정,https://cafe.naver.com/suddes/3956423,나로하여금
쿨페이즈,31,2025.09.05,여우야+,https://cafe.naver.com/fox5282/4374227,모든좋은날
쿨페이즈,32,2025.09.07,재잘재잘,https://cafe.naver.com/knife67/411352,송송브리또
쿨페이즈,33,2025.09.07,여우야+,https://cafe.naver.com/fox5282/4375009,김여쭈
쿨페이즈,34,2025.09.07,성형위키백과,https://cafe.naver.com/juliett00/1502341,뽀미뽀미언냐
쿨페이즈,35,2025.09.08,여우야+,https://cafe.naver.com/fox5282/4377615,그날처럼믿어
쿨페이즈,36,2025.09.08,더진주,https://cafe.naver.com/thejinju/109518,용빠임
쿨페이즈,37,2025.09.08,여우야,https://cafe.naver.com/feko/9881915,가을보리차
쿨페이즈,38,2025.09.08,여우야+,https://cafe.naver.com/fox5282/4377360,블루베리체리
쿨페이즈,39,2025.09.09,재잘재잘,https://cafe.naver.com/knife67/412774,송송브리또
쿨페이즈,40,2025.09.09,여우야+,https://cafe.naver.com/fox5282/4377710,김여쭈
쿨페이즈,41,2025.09.09,성형위키백과,https://cafe.naver.com/juliett00/1503276,뽀미뽀미언냐
쿨페이즈,42,2025.09.09,여우야,https://cafe.naver.com/feko/9887120,라쿤질
쿨페이즈,43,2025.09.09,여생남정,https://cafe.naver.com/suddes/3957724,늘기다림속
쿨페이즈,44,2025.09.10,성형위키백과,https://cafe.naver.com/juliett00/1504186,돌이킬수없는
쿨페이즈,45,2025.09.10,여우야,https://cafe.naver.com/feko/9891618,전시회고수
쿨페이즈,46,2025.09.10,여생남정,https://cafe.naver.com/suddes/3958384,오토스틱
쿨페이즈,47,2025.09.10,여우야,https://cafe.naver.com/feko/9891851,클로버마그마
쿨페이즈,48,2025.09.10,여생남정,https://cafe.naver.com/suddes/3958421,유기농녹차
쿨페이즈,49,2025.09.11,강동맘,https://cafe.naver.com/habin1004/44814,나만의꿀
쿨페이즈,50,2025.09.11,동탄맘,https://cafe.naver.com/eulkwan/344956,윤쫀이
쿨페이즈,51,2025.09.11,동탄스토리,https://cafe.naver.com/minskin7679/97292,매력적인여신희정이
쿨페이즈,52,2025.09.12,재잘재잘,https://cafe.naver.com/knife67/417265,달리잖아
쿨페이즈,53,2025.09.12,여우야+,https://cafe.naver.com/fox5282/4385411,원쑹잉
쿨페이즈,54,2025.09.12,여우야,https://cafe.naver.com/feko/9900292,라쿤질
쿨페이즈,55,2025.09.12,강남엄마vs목동엄마,https://cafe.naver.com/gangmok/1987905,마음속그림
쿨페이즈,56,2025.09.12,여우야,https://cafe.naver.com/feko/9899690,이솔소나무
쿨페이즈,57,2025.09.12,성형위키백과,https://cafe.naver.com/juliett00/1506443,지독한사랑
쿨페이즈,58,2025.09.13,재잘재잘,https://cafe.naver.com/knife67/418391,송송브리또
쿨페이즈,59,2025.09.13,여우야+,https://cafe.naver.com/fox5282/4387586,김여쭈
쿨페이즈,60,2025.09.13,성형위키백과,https://cafe.naver.com/juliett00/1506535,뽀미뽀미언냐
쿨페이즈,61,2025.09.14,성형위키백과,https://cafe.naver.com/juliett00/1506693,뽀미뽀미언냐
쿨페이즈,62,2025.09.14,여우야+,https://cafe.naver.com/fox5282/4388481,원쑹잉
쿨페이즈,63,2025.09.14,재잘재잘,https://cafe.naver.com/knife67/418941,달리잖아
쿨페이즈,64,2025.09.15,여우야,https://cafe.naver.com/feko/9906587,여우야
쿨페이즈,65,2025.09.15,시크먼트,https://cafe.naver.com/parisienlook/5569257,시크먼트
쿨페이즈,66,2025.09.15,성형위키백과,https://cafe.naver.com/juliett00/1507451,성형위키백과
쿨페이즈,67,2025.09.15,재잘재잘,https://cafe.naver.com/knife67/420165,송송브리또
쿨페이즈,68,2025.09.15,여우야+,https://cafe.naver.com/fox5282/4391043,김여쭈
쿨페이즈,69,2025.09.15,재잘재잘,https://cafe.naver.com/knife67/420190,뽀미뽀미언냐
쿨페이즈,70,2025.09.15,여우야+,https://cafe.naver.com/fox5282/4391079,마음의꿈질
쿨페이즈,71,2025.09.15,여우야,https://cafe.naver.com/feko/9905758,가을보리차
쿨페이즈,72,2025.09.15,성형위키백과,https://cafe.naver.com/juliett00/1507357,칼국수파전
쿨페이즈,73,2025.09.16,여우야+,https://cafe.naver.com/fox5282/4393427,오토스틱민
쿨페이즈,74,2025.09.16,성형위키백과,https://cafe.naver.com/juliett00/1508406,야유회매니아
쿨페이즈,75,2025.09.17,재잘재잘,https://cafe.naver.com/knife67/421558,송송브리또
쿨페이즈,76,2025.09.17,성형위키백과,https://cafe.naver.com/juliett00/1509452,돌이킬수없는
쿨페이즈,77,2025.09.17,서울노원맘,https://cafe.naver.com/seongpick/9249,이쁜이용
쿨페이즈,78,2025.09.17,더진주,https://cafe.naver.com/thejinju/110472,마음을울리지말자
쿨페이즈,79,2025.09.17,경기광주맘,https://cafe.naver.com/06rkddkwl/2226443,사랑의물집
쿨페이즈,80,2025.09.17,여우야,https://cafe.naver.com/feko/9915331,클로버마그마
쿨페이즈,81,2025.09.17,여우야+,https://cafe.naver.com/fox5282/4393786,김여쭈
쿨페이즈,82,2025.09.17,지후맘,https://cafe.naver.com/1msanbu/3222398,젤리복숭아
쿨페이즈,83,2025.09.18,여생남정,https://cafe.naver.com/suddes/3962370,쓰라린아픔
쿨페이즈,84,2025.09.18,여우야+,https://cafe.naver.com/fox5282/4398611,끼요미용
쿨페이즈,85,2025.09.18,여우야,https://cafe.naver.com/feko/9919411,이솔소나무
쿨페이즈,86,2025.09.18,동탄스토리,https://cafe.naver.com/minskin7679/97580,망고오렌지맘
쿨페이즈,87,2025.09.19,여우야,https://cafe.naver.com/feko/9924754,라쿤질
쿨페이즈,88,2025.09.19,동탄스토리,https://cafe.naver.com/minskin7679/97650,그날기술
쿨페이즈,89,2025.09.20,성형위키백과,https://cafe.naver.com/juliett00/1511131,뽀미뽀미언냐
쿨페이즈,90,2025.09.20,재잘재잘,https://cafe.naver.com/knife67/425336,실버뚜집사
쿨페이즈,91,2025.09.20,여우야+,https://cafe.naver.com/fox5282/4401095,가비얼리
쿨페이즈,92,2025.09.20,재잘재잘,https://cafe.naver.com/knife67/425552,달리잖아
쿨페이즈,93,2025.09.20,여우야+,https://cafe.naver.com/fox5282/4401319,원쑹잉
쿨페이즈,94,2025.09.21,성형위키백과,https://cafe.naver.com/juliett00/1511306,뽀미뽀미언냐
쿨페이즈,95,2025.09.21,재잘재잘,https://cafe.naver.com/knife67/426019,실버뚜집사
쿨페이즈,96,2025.09.21,재잘재잘,https://cafe.naver.com/knife67/426032,그날의깊이쏙
쿨페이즈,97,2025.09.21,여우야+,https://cafe.naver.com/fox5282/4401964,푸른바다쓰
쿨페이즈,98,2025.09.22,여우야,https://cafe.naver.com/feko/9931765,밤하늘의별그대
쿨페이즈,99,2025.09.22,여우야+,https://cafe.naver.com/fox5282/4404383,끼요미용
쿨페이즈,100,2025.09.22,여우야,https://cafe.naver.com/feko/9931800,가을보리차
쿨페이즈,101,2025.09.22,여생남정,https://cafe.naver.com/suddes/3963667,칼국수파전
쿨페이즈,102,2025.09.22,여우야+,https://cafe.naver.com/fox5282/4404415,블루베리체리
쿨페이즈,103,2025.09.23,성형위키백과,https://cafe.naver.com/juliett00/1513147,파워그늘처럼
쿨페이즈,104,2025.09.24,재잘재잘,https://cafe.naver.com/knife67/428713,날따라오시오
쿨페이즈,105,2025.09.24,여우야+,https://cafe.naver.com/fox5282/4407010,마음의꿈질
쿨페이즈,106,2025.09.24,재잘재잘,https://cafe.naver.com/knife67/430045,예지닝
쿨페이즈,107,2025.09.24,성형위키백과,https://cafe.naver.com/juliett00/1514035,소미닌
쿨페이즈,108,2025.09.24,여우야,https://cafe.naver.com/feko/9940787,밤하늘의별그대
쿨페이즈,109,2025.09.24,더진주,https://cafe.naver.com/thejinju/111209,마음을울리지말자
쿨페이즈,110,2025.09.24,여우야+,https://cafe.naver.com/fox5282/4409532,미요닝
쿨페이즈,111,2025.09.25,여우야+,https://cafe.naver.com/fox5282/4411728,가비얼리
쿨페이즈,112,2025.09.25,성형위키백과,https://cafe.naver.com/juliett00/1514792,돌이킬수없는
쿨페이즈,113,2025.09.25,여우야,https://cafe.naver.com/feko/9943632,전시회고수
쿨페이즈,114,2025.09.25,여우야,https://cafe.naver.com/feko/9943172,클로버마그마
쿨페이즈,115,2025.09.25,여우야+,https://cafe.naver.com/fox5282/4410912,태양의허그
쿨페이즈,116,2025.09.26,재잘재잘,https://cafe.naver.com/knife67/432520,김윤지여신
쿨페이즈,117,2025.09.26,여우야,https://cafe.naver.com/feko/9947961,이솔소나무
쿨페이즈,118,2025.09.27,재잘재잘,https://cafe.naver.com/knife67/432860,송송브리또
쿨페이즈,119,2025.09.27,여우야+,https://cafe.naver.com/fox5282/4414668,김여쭈
쿨페이즈,120,2025.09.29,여우야,https://cafe.naver.com/feko/9955103,밤하늘의별그대
쿨소닉,1,2025.09.01,여우야,https://cafe.naver.com/feko/9857403,디카페인말차
쿨소닉,2,2025.09.01,여우야+,https://cafe.naver.com/fox5282/4362894,물방울우산
쿨소닉,3,2025.09.01,여생남정,https://cafe.naver.com/suddes/3953666,우유코코넛
쿨소닉,4,2025.09.02,성형위키백과,https://cafe.naver.com/juliett00/1499273,메뉴결정장애
쿨소닉,5,2025.09.02,성형위키백과,https://cafe.naver.com/juliett00/1499314,고고북스
쿨소닉,6,2025.09.02,여생남정,https://cafe.naver.com/suddes/3954282,골든죽전
쿨소닉,7,2025.09.02,여우야,https://cafe.naver.com/feko/9861810,노유노유
쿨소닉,8,2025.09.02,여우야,https://cafe.naver.com/feko/9862098,내꿈의여행
쿨소닉,9,2025.09.02,여생남정,https://cafe.naver.com/suddes/3954374,나의길손
쿨소닉,10,2025.09.02,성형위키백과,https://cafe.naver.com/juliett00/1499495,가질수없어
쿨소닉,11,2025.09.03,재잘재잘,https://cafe.naver.com/knife67/407411,날따라오이소
쿨소닉,12,2025.09.03,여우야+,https://cafe.naver.com/fox5282/4366627,마음의꿈질
쿨소닉,13,2025.09.03,여우야,https://cafe.naver.com/feko/9865866,내꿈의여행
쿨소닉,14,2025.09.03,재잘재잘,https://cafe.naver.com/knife67/408639,김쏘연맘
쿨소닉,15,2025.09.03,성형위키백과,https://cafe.naver.com/juliett00/1500462,상큼한별
쿨소닉,16,2025.09.04,재잘재잘,https://cafe.naver.com/knife67/408695,달리잖아
쿨소닉,17,2025.09.04,여우야+,https://cafe.naver.com/fox5282/4369233,원쑹잉
쿨소닉,18,2025.09.04,여우야,https://cafe.naver.com/feko/9871681,내꿈의여행
쿨소닉,19,2025.09.04,여생남정,https://cafe.naver.com/suddes/3955791,나의길손
쿨소닉,20,2025.09.05,여우야,https://cafe.naver.com/feko/9873321,디카페인말차
쿨소닉,21,2025.09.05,성형위키백과,https://cafe.naver.com/juliett00/1501672,미래의꿈
쿨소닉,22,2025.09.07,시크먼트,https://cafe.naver.com/parisienlook/5559635,이기적인느낌
쿨소닉,23,2025.09.07,재잘재잘,https://cafe.naver.com/knife67/411364,예지닝
쿨소닉,24,2025.09.07,여우야+,https://cafe.naver.com/fox5282/4375022,미요닝
쿨소닉,25,2025.09.07,성형위키백과,https://cafe.naver.com/juliett00/1502344,소미닌
쿨소닉,26,2025.09.08,여우야,https://cafe.naver.com/feko/9881881,내꿈의여행
쿨소닉,27,2025.09.08,성형위키백과,https://cafe.naver.com/juliett00/1503183,가질수없어
쿨소닉,28,2025.09.09,여우야,https://cafe.naver.com/feko/9885097,뜨당
쿨소닉,29,2025.09.09,여우야+,https://cafe.naver.com/fox5282/4379224,마크북
쿨소닉,30,2025.09.09,여우야+,https://cafe.naver.com/fox5282/4380254,푸른바다쓰
쿨소닉,31,2025.09.09,재잘재잘,https://cafe.naver.com/knife67/414172,날따라오시오
쿨소닉,32,2025.09.09,여우야+,https://cafe.naver.com/fox5282/4380261,마음의꿈질
쿨소닉,33,2025.09.11,여우야,https://cafe.naver.com/feko/9895846,디카페인말차
쿨소닉,34,2025.09.11,여우야+,https://cafe.naver.com/fox5282/4384890,물방울우산
쿨소닉,35,2025.09.11,여생남정,https://cafe.naver.com/suddes/3958980,우유코코넛
쿨소닉,36,2025.09.12,성형위키백과,https://cafe.naver.com/juliett00/1506220,가질수없어
쿨소닉,37,2025.09.13,여우야,https://cafe.naver.com/feko/9901145,영뮤
쿨소닉,38,2025.09.13,여우야+,https://cafe.naver.com/fox5282/4387890,에센시
쿨소닉,39,2025.09.13,재잘재잘,https://cafe.naver.com/knife67/418400,달리잖아
쿨소닉,40,2025.09.13,여우야+,https://cafe.naver.com/fox5282/4387597,원쑹잉
쿨소닉,41,2025.09.13,재잘재잘,https://cafe.naver.com/knife67/418681,그날의깊이쏙
쿨소닉,42,2025.09.13,여우야+,https://cafe.naver.com/fox5282/4388152,푸른바다쓰
쿨소닉,43,2025.09.13,재잘재잘,https://cafe.naver.com/knife67/418683,날따오시오
쿨소닉,44,2025.09.13,여우야+,https://cafe.naver.com/fox5282/4388156,마음의꿈질
쿨소닉,45,2025.09.15,여우야,https://cafe.naver.com/feko/9906325,내꿈의여행
쿨소닉,46,2025.09.15,재잘재잘,https://cafe.naver.com/knife67/420181,달리잖아
쿨소닉,47,2025.09.15,재잘재잘,https://cafe.naver.com/knife67/420186,그날의깊이쏙
쿨소닉,48,2025.09.15,여우야+,https://cafe.naver.com/fox5282/4391072,푸른바다쓰
쿨소닉,49,2025.09.15,여우야+,https://cafe.naver.com/fox5282/4391065,원쑹잉
쿨소닉,50,2025.09.16,여우야,https://cafe.naver.com/feko/9908124,디카페인말차
쿨소닉,51,2025.09.16,재잘재잘,https://cafe.naver.com/knife67/421528,달리잖아
쿨소닉,52,2025.09.16,여우야+,https://cafe.naver.com/fox5282/4393691,원쑹잉
쿨소닉,53,2025.09.16,성형위키백과,https://cafe.naver.com/juliett00/1508545,돌이킬수없는
쿨소닉,54,2025.09.17,여우야,https://cafe.naver.com/feko/9913215,알로에이
쿨소닉,55,2025.09.17,여우야,https://cafe.naver.com/feko/9913314,흐무릉
쿨소닉,56,2025.09.17,여생남정,https://cafe.naver.com/suddes/3961320,할수없잔니
쿨소닉,57,2025.09.17,성형위키백과,https://cafe.naver.com/juliett00/1508897,올리부유
쿨소닉,58,2025.09.17,여우야,https://cafe.naver.com/feko/9913421,응근히
쿨소닉,59,2025.09.17,여생남정,https://cafe.naver.com/suddes/3961328,만나기를
쿨소닉,60,2025.09.18,여우야,https://cafe.naver.com/feko/9916418,네가만약
쿨소닉,61,2025.09.18,여생남정,https://naver.me/FOZtjCvx,알아쒀
쿨소닉,62,2025.09.17,재잘재잘,https://cafe.naver.com/knife67/422904,달리잖아
쿨소닉,63,2025.09.17,여우야+,https://cafe.naver.com/fox5282/4396134,원쑹잉
쿨소닉,64,2025.09.18,여생남정,https://cafe.naver.com/suddes/3961967,길잃은
쿨소닉,65,2025.09.18,성형위키백과,https://cafe.naver.com/juliett00/1509770,모하조
쿨소닉,66,2025.09.18,여생남정,https://cafe.naver.com/suddes/3962150,딘디
쿨소닉,67,2025.09.18,여우야+,https://cafe.naver.com/fox5282/4397756,통닥집
쿨소닉,68,2025.09.18,여우야,https://cafe.naver.com/feko/9919158,헤르메
쿨소닉,69,2025.09.18,성형위키백과,https://cafe.naver.com/juliett00/1510090,노란통닭
쿨소닉,70,2025.09.19,여우야,https://cafe.naver.com/feko/9920940,지룽디
쿨소닉,71,2025.09.19,여생남정,https://cafe.naver.com/suddes/3962396,오늘난
쿨소닉,72,2025.09.19,여우야,https://cafe.naver.com/feko/9922890,뜨당
쿨소닉,73,2025.09.19,여우야+,https://cafe.naver.com/fox5282/4400148,푸라이모리
쿨소닉,74,2025.09.19,여우야,https://cafe.naver.com/feko/9923015,영뮤
쿨소닉,75,2025.09.19,여우야,https://cafe.naver.com/feko/9923168,꼬기량
쿨소닉,76,2025.09.19,여우야,https://cafe.naver.com/feko/9923302,꾸에잇
쿨소닉,77,2025.09.19,여우야,https://cafe.naver.com/feko/9923454,흐무릉
쿨소닉,78,2025.09.20,여우야,https://cafe.naver.com/feko/9925060,나를따라
쿨소닉,79,2025.09.20,여생남정,https://cafe.naver.com/suddes/3962967,유피
쿨소닉,80,2025.09.20,여우야,https://cafe.naver.com/feko/9925641,뜨당
쿨소닉,81,2025.09.20,여우야+,https://cafe.naver.com/fox5282/4401415,마크북
쿨소닉,82,2025.09.20,여우야,https://cafe.naver.com/feko/9925685,응근히
쿨소닉,83,2025.09.20,여우야,https://cafe.naver.com/feko/9925707,꾸에잇
쿨소닉,84,2025.09.20,여우야,https://cafe.naver.com/feko/9925750,영뮤
쿨소닉,85,2025.09.20,여우야+,https://cafe.naver.com/fox5282/4401454,에센시
쿨소닉,86,2025.09.21,여우야,https://cafe.naver.com/feko/9926467,헤르메
쿨소닉,87,2025.09.21,여우야,https://cafe.naver.com/feko/9926560,지룽디
쿨소닉,88,2025.09.21,여우야,https://cafe.naver.com/feko/9926577,뜨당
쿨소닉,89,2025.09.21,여우야,https://cafe.naver.com/feko/9926592,영뮤
쿨소닉,90,2025.09.21,여생남정,https://cafe.naver.com/suddes/3963064,널지워버리는
쿨소닉,91,2025.09.21,여우야+,https://cafe.naver.com/fox5282/4401792,해야할지
쿨소닉,92,2025.09.21,여우야,https://cafe.naver.com/feko/9926651,꼬기랑
쿨소닉,93,2025.09.21,성형위키백과,https://cafe.naver.com/juliett00/1511294,소리츄
쿨소닉,94,2025.09.19,여우야,https://cafe.naver.com/feko/9921635,디카페인말차
쿨소닉,95,2025.09.19,성형위키백과,https://cafe.naver.com/juliett00/1510601,미래의꿈
쿨소닉,96,2025.09.20,성형위키백과,https://cafe.naver.com/juliett00/1511136,돌이킬수없는
쿨소닉,97,2025.09.20,재잘재잘,https://cafe.naver.com/knife67/425338,예지닝
쿨소닉,98,2025.09.20,성형위키백과,https://cafe.naver.com/juliett00/1511140,소미닌
쿨소닉,99,2025.09.20,재잘재잘,https://cafe.naver.com/knife67/425556,그날의깊이쏙
쿨소닉,100,2025.09.20,여우야+,https://cafe.naver.com/fox5282/4401324,푸른바다쓰
쿨소닉,101,2025.09.21,여우야+,https://cafe.naver.com/fox5282/4401928,미요닝
쿨소닉,102,2025.09.21,성형위키백과,https://cafe.naver.com/juliett00/1511311,소미닌
쿨소닉,103,2025.09.21,재잘재잘,https://cafe.naver.com/knife67/426029,달리잖아
쿨소닉,104,2025.09.21,여우야+,https://cafe.naver.com/fox5282/4401942,원쑹잉
쿨소닉,105,2025.09.22,여우야,https://cafe.naver.com/feko/9928473,나를따라
쿨소닉,106,2025.09.22,여우야+,https://cafe.naver.com/fox5282/4402850,콕하콜라
쿨소닉,107,2025.09.22,여우야,https://cafe.naver.com/feko/9930421,흐무릉
쿨소닉,108,2025.09.22,여생남정,https://cafe.naver.com/suddes/3963532,인기팝
쿨소닉,109,2025.09.22,여우야,https://cafe.naver.com/feko/9930819,응근히
쿨소닉,110,2025.09.22,여우야+,https://cafe.naver.com/fox5282/4403961,통닥집
쿨소닉,111,2025.09.22,여우야+,https://cafe.naver.com/fox5282/4404035,마룬이
쿨소닉,112,2025.09.22,여우야,https://cafe.naver.com/feko/9930953,꾸에잇
쿨소닉,113,2025.09.23,여우야,https://cafe.naver.com/feko/9932205,지롱디
쿨소닉,114,2025.09.23,여우야,https://cafe.naver.com/feko/9932334,영뮤
쿨소닉,115,2025.09.23,여생남정,https://cafe.naver.com/suddes/3963734,널지워버리는
쿨소닉,116,2025.09.22,여우야,https://cafe.naver.com/feko/9931023,내꿈의여행
쿨소닉,117,2025.09.23,여우야,https://cafe.naver.com/feko/9932874,뜨당
쿨소닉,118,2025.09.23,여우야,https://cafe.naver.com/feko/9933356,나를따라
쿨소닉,119,2025.09.23,성형위키백과,https://cafe.naver.com/juliett00/1512519,올리부유
쿨소닉,120,2025.09.23,여우야+,https://cafe.naver.com/fox5282/4405670,그땐다시
쿨소닉,121,2025.09.23,여우야+,https://cafe.naver.com/feko/9934226,꾸에잇
쿨소닉,122,2025.09.23,시크먼트,https://cafe.naver.com/parisienlook/5578142,지현유정
쿨소닉,123,2025.09.24,여우야,https://cafe.naver.com/feko/9936989,응근히
쿨소닉,124,2025.09.24,여우야,https://cafe.naver.com/feko/9937035,헤르메
쿨소닉,125,2025.09.24,여우야,https://cafe.naver.com/feko/9937109,지룽디
쿨소닉,126,2025.09.24,성형위키백과,https://cafe.naver.com/juliett00/1513280,뻐스킹
쿨소닉,127,2025.09.24,성형위키백과,https://cafe.naver.com/juliett00/1513325,소리츄
쿨소닉,128,2025.09.24,여우야,https://cafe.naver.com/feko/9938396,꼬기량
쿨소닉,129,2025.09.24,여우야,https://cafe.naver.com/feko/9938574,나를따라
쿨소닉,130,2025.09.24,여생남정,https://cafe.naver.com/suddes/3964556,듀공장군
쿨소닉,131,2025.09.24,재잘재잘,https://cafe.naver.com/knife67/430047,송송브리또
쿨소닉,132,2025.09.24,여우야+,https://cafe.naver.com/fox5282/4409553,김여쭈
쿨소닉,133,2025.09.24,성형위키백과,https://cafe.naver.com/juliett00/1514037,돌이킬수없는
쿨소닉,134,2025.09.25,여우야,https://cafe.naver.com/feko/9941703,흐무릉
쿨소닉,135,2025.09.25,여우야,https://cafe.naver.com/feko/9941772,영뮤
쿨소닉,136,2025.09.25,여우야,https://cafe.naver.com/feko/9942046,나를따라
쿨소닉,137,2025.09.25,여우야,https://cafe.naver.com/feko/9942225,지롱디
쿨소닉,138,2025.09.25,여우야,https://cafe.naver.com/feko/9942515,뜨당
쿨소닉,139,2025.09.25,여우야,https://cafe.naver.com/feko/9942887,헤르메
쿨소닉,140,2025.09.25,여생남정,https://cafe.naver.com/suddes/3964948,인기팝
쿨소닉,141,2025.09.25,여생남정,https://cafe.naver.com/suddes/3964982,오늘난
쿨소닉,142,2025.09.25,재잘재잘,https://cafe.naver.com/knife67/431263,그날의깊이쏙
쿨소닉,143,2025.09.25,여우야+,https://cafe.naver.com/fox5282/4411809,푸른바다쓰
쿨소닉,144,2025.09.25,재잘재잘,https://cafe.naver.com/knife67/431339,날따라오시오
쿨소닉,145,2025.09.25,여우야+,https://cafe.naver.com/fox5282/4411946,마음의꿈질
쿨소닉,146,2025.09.26,여우야,https://cafe.naver.com/feko/9945824,꾸에잇
쿨소닉,147,2025.09.26,여우야,https://cafe.naver.com/feko/9945853,응근히
쿨소닉,148,2025.09.26,여우야,https://cafe.naver.com/feko/9945953,흐무릉
쿨소닉,149,2025.09.26,여우야,https://cafe.naver.com/feko/9946062,헤르메
쿨소닉,150,2025.09.26,여우야,https://cafe.naver.com/feko/9946425,지롱디
쿨소닉,151,2025.09.26,여우야,https://cafe.naver.com/feko/9947367,영뮤
쿨소닉,152,2025.09.26,여생남정,https://cafe.naver.com/suddes/3965656,만나기를
쿨소닉,153,2025.09.26,여생남정,https://cafe.naver.com/suddes/3965696,할수없잔니
쿨소닉,154,2025.09.27,여우야,https://cafe.naver.com/feko/9949776,꾸에잇
쿨소닉,155,2025.09.27,여우야+,https://cafe.naver.com/fox5282/4414556,마룬이
쿨소닉,156,2025.09.27,여우야,https://cafe.naver.com/feko/9949847,응근히
쿨소닉,157,2025.09.27,여우야+,https://cafe.naver.com/fox5282/4414586,통닥집
쿨소닉,158,2025.09.27,여우야,https://cafe.naver.com/feko/9949877,헤르메
쿨소닉,159,2025.09.27,여우야+,https://cafe.naver.com/fox5282/4414595,그땐다시
쿨소닉,160,2025.09.27,성형위키백과,https://cafe.naver.com/juliett00/1515784,노란통닭
쿨소닉,161,2025.09.27,여우야,https://cafe.naver.com/feko/9949909,흐무릉
쿨소닉,162,2025.09.28,여우야,https://cafe.naver.com/feko/9950728,꾸에잇
쿨소닉,163,2025.09.28,여우야+,https://cafe.naver.com/fox5282/4415165,통닥집
쿨소닉,164,2025.09.28,여우야,https://cafe.naver.com/feko/9950839,꼬기량
쿨소닉,165,2025.09.28,여우야+,https://cafe.naver.com/fox5282/4415255,해야할지
쿨소닉,166,2025.09.28,여우야,https://cafe.naver.com/feko/9951218,나를따라
쿨소닉,167,2025.09.28,여우야+,https://cafe.naver.com/fox5282/4415494,콕하콜라
쿨소닉,168,2025.09.28,여우야,https://cafe.naver.com/feko/9951262,뜨당
쿨소닉,169,2025.09.28,여우야+,https://cafe.naver.com/fox5282/4415518,마크북
쿨소닉,170,2025.09.29,여우야,https://cafe.naver.com/feko/9951666,응근히
쿨소닉,171,2025.09.29,여우야,https://cafe.naver.com/feko/9951751,헤르메
쿨소닉,172,2025.09.27,여우야+,https://cafe.naver.com/fox5282/4414709,가비얼리
쿨소닉,173,2025.09.27,성형위키백과,https://cafe.naver.com/juliett00/1515806,돌이킬수없는
쿨소닉,174,2025.09.27,재잘재잘,https://cafe.naver.com/knife67/432931,예지닝
쿨소닉,175,2025.09.27,여우야+,https://cafe.naver.com/fox5282/4414716,미요닝
쿨소닉,176,2025.09.27,성형위키백과,https://cafe.naver.com/juliett00/1515808,소미닌
쿨소닉,177,2025.09.27,재잘재잘,https://cafe.naver.com/knife67/433046,그날의깊이쏙
쿨소닉,178,2025.09.28,여우야+,https://cafe.naver.com/fox5282/4415449,원쑹잉
쿨소닉,179,2025.09.29,여우야,https://cafe.naver.com/feko/9953930,디카페인말차
쿨소닉,180,2025.09.03,성형위키백과,https://cafe.naver.com/juliett00/1500397,시나몬짱구
쿨소닉,181,2025.09.03,재잘재잘,https://cafe.naver.com/knife67/408462,서장면
쿨소닉,182,2025.09.03,여우야,https://cafe.naver.com/feko/9867172,고요한밤거리
쿨소닉,183,2025.09.03,여생남정,https://cafe.naver.com/suddes/3955087,너의파도
쿨소닉,184,2025.09.03,재잘재잘,https://cafe.naver.com/knife67/408512,커피한잔해요
쿨소닉,185,2025.09.09,파우더룸,https://cafe.naver.com/cosmania/38217588,비빔칼국수
쿨소닉,186,2025.09.09,여우야,https://cafe.naver.com/feko/9885460,고요한밤거리
쿨소닉,187,2025.09.09,여생남정,https://cafe.naver.com/suddes/3957597,너의파도
쿨소닉,188,2025.09.09,재잘재잘,https://cafe.naver.com/knife67/413633,커피한잔해요
쿨소닉,189,2025.09.09,여우야,https://cafe.naver.com/feko/9886207,노유노유
쿨소닉,190,2025.09.09,여우야,https://cafe.naver.com/feko/9886377,천년묵은버섯
쿨소닉,191,2025.09.09,여우야+,https://cafe.naver.com/fox5282/4379880,백두산날다람쥐
쿨소닉,192,2025.09.15,여우야,https://cafe.naver.com/feko/9904660,고요한밤거리
쿨소닉,193,2025.09.15,성형위키백과,https://cafe.naver.com/juliett00/1507135,메뉴결정장애
쿨소닉,194,2025.09.15,여우야,https://cafe.naver.com/feko/9904864,노유노유
쿨소닉,195,2025.09.15,여생남정,https://cafe.naver.com/suddes/3960155,골든죽전
쿨소닉,196,2025.09.18,여생남정,https://cafe.naver.com/suddes/3962114,너의파도
쿨소닉,197,2025.09.18,재잘재잘,https://cafe.naver.com/knife67/423627,커피한잔해요
쿨소닉,198,2025.09.18,여우야+,https://cafe.naver.com/fox5282/4397744,백두산날다람쥐
쿨소닉,199,2025.09.23,여우야,https://cafe.naver.com/feko/9936260,노유노유
쿨소닉,200,2025.09.23,여우야+,https://cafe.naver.com/fox5282/4406917,익명인간
쿨소닉,201,2025.09.23,여우야,https://cafe.naver.com/feko/9936635,천년묵은버섯
쿨소닉,202,2025.09.23,성형위키백과,https://cafe.naver.com/juliett00/1513163,고고북스
쿨소닉,203,2025.09.23,여생남정,https://cafe.naver.com/suddes/3964257,둘리코
쿨소닉,204,2025.09.23,재잘재잘,https://cafe.naver.com/knife67/428692,플러팅쿠키
쿨소닉,205,2025.09.26,성형위키백과,https://cafe.naver.com/juliett00/1515630,메뉴결정장애
쿨소닉,206,2025.09.26,여생남정,https://cafe.naver.com/suddes/3966048,둘리코
쿨소닉,207,2025.09.26,여우야+,https://cafe.naver.com/fox5282/4414146,익명인간
쿨소닉,208,2025.09.26,여생남정,https://cafe.naver.com/suddes/3966079,골든죽전
쿨소닉,209,2025.09.26,여우야,https://cafe.naver.com/feko/9949044,칼바츠
쿨소닉,210,2025.09.26,여생남정,https://cafe.naver.com/suddes/3966084,한심한스티치
쿨소닉,211,2025.09.26,여우야+,https://cafe.naver.com/fox5282/4414177,리버스시츄
쿨소닉,212,2025.09.29,재잘재잘,https://cafe.naver.com/knife67/434605,커피한잔해요
쿨소닉,213,2025.09.29,재잘재잘,https://cafe.naver.com/knife67/434620,딸기퐁당
쿨소닉,214,2025.09.29,여우야,https://cafe.naver.com/feko/9954226,솜사탕비가내려
쿨소닉,215,2025.09.29,여우야+,https://cafe.naver.com/fox5282/4417302,a레몬밤a
쿨소닉,216,2025.09.29,성형위키백과,https://cafe.naver.com/juliett00/1516612,체리콕콕콕
쿨소닉,217,2025.09.29,여생남정,https://cafe.naver.com/suddes/3966662,샤베트꿈
쿨소닉,218,2025.09.29,파우더룸,https://cafe.naver.com/cosmania/38236934,밤비소리휴
쿨소닉,219,2025.09.30,여우야,https://cafe.naver.com/feko/9957176,고요한밤거리
쿨소닉,220,2025.09.30,여우야+,https://cafe.naver.com/fox5282/4418944,똑똑박사
쿨소닉,221,2025.09.30,여우야,https://cafe.naver.com/feko/9957237,아나구이
쿨소닉,222,2025.09.30,여생남정,https://cafe.naver.com/suddes/3967068,로잉츄
쿨소닉,223,2025.09.30,성형위키백과,https://cafe.naver.com/juliett00/1517229,나이스오벌
쿨소닉,224,2025.09.30,재잘재잘,https://cafe.naver.com/knife67/435705,샘츄츄
쿨소닉,225,2025.09.30,파우더룸,https://cafe.naver.com/cosmania/38237542,로버치번