기기구분,키워드,링크,노출현황,스마트블록,인기글,카페순위
리프테라,목주름거상술,https://cafe.naver.com/knife67/437886,2,,O,1
리프테라,인디언주름리프팅,https://cafe.naver.com/fox5282/4423210,2,,O,1
리프테라,심부볼리프팅,https://cafe.naver.com/juliett00/1518654,1,,,1
리프테라,남자보톡스,https://cafe.naver.com/knife67/439241,0,,,
리프테라,턱보톡스잘하는곳,https://cafe.naver.com/fox5282/4426284,1,,,2
리프테라,팔자리프팅,https://cafe.naver.com/knife67/439904,1,,,5
리프테라,눈밑실리프팅,https://cafe.naver.com/fox5282/4427166,2,,O,3
리프테라,입가주름시술,https://cafe.naver.com/juliett00/1519881,0,,,
리프테라,턱지방분해주사,https://cafe.naver.com/knife67/440337,0,,,
리프테라,브이라인리프팅,https://cafe.naver.com/fox5282/4427746,2,,O,3
리프테라,이마팔자주름,https://cafe.naver.com/knife67/440813,1,,,5
리프테라,주름개선,https://cafe.naver.com/fox5282/4428661,2,O,,1
리프테라,팔자주름제거,https://cafe.naver.com/juliett00/1520185,0,,,
리프테라,피부탄력시술,https://cafe.naver.com/juliett00/1520214,0,,,
리프테라,서울실리프팅,https://cafe.naver.com/knife67/441129,1,,,2
리프테라,팔자주름개선,https://cafe.naver.com/fox5282/4429274,1,,,4
리프테라,입가주름,https://cafe.naver.com/juliett00/1520325,0,,,
리프테라,성형외과실리프팅,https://cafe.naver.com/knife67/441320,0,,,
리프테라,팔자주름없애기,https://cafe.naver.com/fox5282/4429491,2,,O,1
리프테라,팔자실리프팅,https://cafe.naver.com/knife67/441473,0,,,
리프테라,보톡스가격,https://cafe.naver.com/fox5282/4429871,0,,,
리프테라,중년리프팅,https://cafe.naver.com/juliett00/1520464,2,O,,1
리프테라,미니거상리프팅,https://cafe.naver.com/knife67/443013,2,,O,2
리프테라,신논현역실리프팅,https://cafe.naver.com/fox5282/4432195,0,,,
리프테라,잠실실리프팅,https://cafe.naver.com/juliett00/1521317,1,,,5
리프테라,턱보톡스비용,https://cafe.naver.com/knife67/446031,1,,,4
리프테라,신논현역리프팅,https://cafe.naver.com/fox5282/4437805,0,,,
리프테라,얼굴보톡스가격,https://cafe.naver.com/juliett00/1523329,2,O,,1
리프테라,주름제거,https://cafe.naver.com/knife67/447224,0,,,
리프테라,리프팅종류,https://cafe.naver.com/fox5282/4440286,0,,,
리프테라,투턱주사,https://cafe.naver.com/juliett00/1524299,2,,O,2
리프테라,보톡스전후,https://cafe.naver.com/knife67/449963,0,,,
리프테라,브이올렛주사,https://cafe.naver.com/fox5282/4445344,2,,O,2
리프테라,관자놀이보톡스,https://cafe.naver.com/juliett00/1526170,1,,,3
리프테라,광대실리프팅,https://cafe.naver.com/knife67/450259,0,,,
리프테라,눈밑리프팅,https://cafe.naver.com/fox5282/4446034,1,,,3
리프테라,얼굴주름성형,https://cafe.naver.com/juliett00/1526326,2,,O,2
리프테라,리니어지리프팅,https://cafe.naver.com/knife67/450278,2,O,,2
리프테라,심부볼윤곽주사,https://cafe.naver.com/fox5282/4446063,0,,,
리프테라,이중턱실리프팅,https://cafe.naver.com/juliett00/1527239,2,,O,1
리프테라,자갈턱보톡스,https://cafe.naver.com/knife67/452898,2,O,,5
리프테라,이마주름없애기,https://cafe.naver.com/fox5282/4451112,2,,O,1
리프테라,이마보톡스종류,https://cafe.naver.com/knife67/452972,0,,,
리프테라,목주름관리법,https://cafe.naver.com/fox5282/4451161,0,,,
리프테라,리프팅주사,https://cafe.naver.com/knife67/454473,2,O,,1
리프테라,보톡스시술,https://cafe.naver.com/juliett00/1528879,2,,O,1
리프테라,남자리프팅,https://cafe.naver.com/knife67/454517,2,,O,1
리프테라,남자턱보톡스,https://cafe.naver.com/fox5282/4453911,0,,,
리프테라,침샘비대증보톡스,https://cafe.naver.com/knife67/455786,1,,,5
리프테라,중안면부리프팅,https://cafe.naver.com/knife67/455787,2,,O,1
쿨페이즈,목주름거상술,https://cafe.naver.com/knife67/437886,2,,O,1
쿨페이즈,인디언주름리프팅,https://cafe.naver.com/fox5282/4423210,2,,O,1
쿨페이즈,심부볼리프팅,https://cafe.naver.com/juliett00/1518654,1,,,1
쿨페이즈,남자보톡스,https://cafe.naver.com/knife67/439241,0,,,
쿨페이즈,턱보톡스잘하는곳,https://cafe.naver.com/fox5282/4426284,1,,,2
쿨페이즈,팔자리프팅,https://cafe.naver.com/knife67/439904,1,,,5
쿨페이즈,눈밑실리프팅,https://cafe.naver.com/fox5282/4427166,2,,O,3
쿨페이즈,입가주름시술,https://cafe.naver.com/juliett00/1519881,0,,,
쿨페이즈,턱지방분해주사,https://cafe.naver.com/knife67/440337,0,,,
쿨페이즈,브이라인리프팅,https://cafe.naver.com/fox5282/4427746,2,,O,3
쿨페이즈,이마팔자주름,https://cafe.naver.com/knife67/440813,1,,,5
쿨페이즈,주름개선,https://cafe.naver.com/fox5282/4428661,2,O,,1
쿨페이즈,팔자주름제거,https://cafe.naver.com/juliett00/1520185,0,,,
쿨페이즈,피부탄력시술,https://cafe.naver.com/juliett00/1520214,0,,,
쿨페이즈,서울실리프팅,https://cafe.naver.com/knife67/441129,1,,,2
쿨페이즈,팔자주름개선,https://cafe.naver.com/fox5282/4429274,1,,,4
쿨페이즈,입가주름,https://cafe.naver.com/juliett00/1520325,0,,,
쿨페이즈,성형외과실리프팅,https://cafe.naver.com/knife67/441320,0,,,
쿨페이즈,팔자주름없애기,https://cafe.naver.com/fox5282/4429491,2,,O,1
쿨페이즈,팔자실리프팅,https://cafe.naver.com/knife67/441473,0,,,
쿨페이즈,보톡스가격,https://cafe.naver.com/fox5282/4429871,0,,,
쿨페이즈,중년리프팅,https://cafe.naver.com/juliett00/1520464,2,O,,1
쿨페이즈,미니거상리프팅,https://cafe.naver.com/knife67/443013,2,,O,2
쿨페이즈,신논현역실리프팅,https://cafe.naver.com/fox5282/4432195,0,,,
쿨페이즈,잠실실리프팅,https://cafe.naver.com/juliett00/1521317,1,,,5
쿨페이즈,턱보톡스비용,https://cafe.naver.com/knife67/446031,1,,,4
쿨페이즈,신논현역리프팅,https://cafe.naver.com/fox5282/4437805,,,,
쿨페이즈,얼굴보톡스가격,https://cafe.naver.com/juliett00/1523329,,O,,1
쿨페이즈,주름제거,https://cafe.naver.com/knife67/447224,,,,
쿨페이즈,리프팅종류,https://cafe.naver.com/fox5282/4440286,,,,
쿨페이즈,투턱주사,https://cafe.naver.com/juliett00/1524299,,,O,2
쿨페이즈,보톡스전후,https://cafe.naver.com/knife67/449963,,,,
쿨페이즈,브이올렛주사,https://cafe.naver.com/fox5282/4445344,,,O,2
쿨페이즈,관자놀이보톡스,https://cafe.naver.com/juliett00/1526170,,,,3
쿨페이즈,광대실리프팅,https://cafe.naver.com/knife67/450259,,,,
쿨페이즈,눈밑리프팅,https://cafe.naver.com/fox5282/4446034,,,,3
쿨페이즈,얼굴주름성형,https://cafe.naver.com/juliett00/1526326,,,O,2
쿨페이즈,리니어지리프팅,https://cafe.naver.com/knife67/450278,,O,,2
쿨페이즈,심부볼윤곽주사,https://cafe.naver.com/fox5282/4446063,,,,
쿨페이즈,이중턱실리프팅,https://cafe.naver.com/juliett00/1527239,,,O,1
쿨페이즈,자갈턱보톡스,https://cafe.naver.com/knife67/452898,,O,,5
쿨페이즈,이마주름없애기,https://cafe.naver.com/fox5282/4451112,,,O,1
쿨페이즈,이마보톡스종류,https://cafe.naver.com/knife67/452972,,,,
쿨페이즈,목주름관리법,https://cafe.naver.com/fox5282/4451161,,,,
쿨페이즈,리프팅주사,https://cafe.naver.com/knife67/454473,,O,,1
쿨페이즈,보톡스시술,https://cafe.naver.com/juliett00/1528879,,,O,1
쿨페이즈,남자리프팅,https://cafe.naver.com/knife67/454517,,,O,1
쿨페이즈,남자턱보톡스,https://cafe.naver.com/fox5282/4453911,,,,
쿨페이즈,침샘비대증보톡스,https://cafe.naver.com/knife67/455786,,,,5
쿨페이즈,중안면부리프팅,https://cafe.naver.com/knife67/455787,,,O,1
쿨소닉,창원피부과,https://cafe.naver.com/knife67/439246,0,,,
쿨소닉,창원 울쎄라,https://cafe.naver.com/fox5282/4426297,2,O,,1
쿨소닉,창원보톡스,https://cafe.naver.com/knife67/439930,2,,O,1
쿨소닉,창원리프팅,https://cafe.naver.com/fox5282/4427214,0,,,
쿨소닉,창원 상남동피부과,https://cafe.naver.com/knife67/440336,2,O,,1
쿨소닉,창원써마지,https://cafe.naver.com/fox5282/4427739,2,,O,1
쿨소닉,창원리쥬란,https://cafe.naver.com/knife67/440828,0,,,
쿨소닉,창원윤곽주사,https://cafe.naver.com/fox5282/4428685,2,,O,1
쿨소닉,창원턱보톡스,https://cafe.naver.com/knife67/440831,2,,O,1
쿨소닉,창원쥬베룩,https://cafe.naver.com/fox5282/4428692,1,,,5
쿨소닉,창원쥬베룩볼륨,https://cafe.naver.com/knife67/444842,0,,,
쿨소닉,창원침샘보톡스,https://cafe.naver.com/fox5282/4435290,0,,,
쿨소닉,창원시피부과,https://cafe.naver.com/knife67/446040,1,,,2
쿨소닉,강남피부과,https://cafe.naver.com/fox5282/4437815,2,,O,1
쿨소닉,상무지구피부과,https://cafe.naver.com/knife67/446042,0,,,
쿨소닉,광주리프팅,https://cafe.naver.com/fox5282/4437821,2,,O,1
쿨소닉,강남역피부과,https://cafe.naver.com/knife67/447227,2,,O,1
쿨소닉,강남써마지,https://cafe.naver.com/fox5282/4440297,1,,,5
쿨소닉,광주써마지,https://cafe.naver.com/knife67/449781,2,O,,1
쿨소닉,센텀울쎄라,https://cafe.naver.com/fox5282/4445095,2,,O,1
쿨소닉,광주리프팅잘하는곳,https://cafe.naver.com/juliett00/1526083,1,,,2
쿨소닉,순천써마지,https://cafe.naver.com/knife67/449965,2,,O,1
쿨소닉,광주실리프팅잘하는곳,https://cafe.naver.com/fox5282/4445355,2,,O,1
쿨소닉,광주울써마지,https://cafe.naver.com/juliett00/1526179,2,O,,2
쿨소닉,서면울써마지,https://cafe.naver.com/knife67/450260,2,,O,1
쿨소닉,부산레이저리프팅,https://cafe.naver.com/fox5282/4446042,2,,O,1
쿨소닉,상무지구리프팅,https://cafe.naver.com/juliett00/1526328,2,O,,1
쿨소닉,상무지구울쎄라,https://cafe.naver.com/knife67/450295,2,,O,1
쿨소닉,신논현울쎄라,https://cafe.naver.com/knife67/451494,2,O,,1
쿨소닉,순천울쎄라,https://cafe.naver.com/fox5282/4448462,2,O,,1
쿨소닉,광주신창동피부과,https://cafe.naver.com/knife67/452892,2,,O,2
쿨소닉,부산울쎄라수면마취,https://cafe.naver.com/fox5282/4451104,2,O,,1
쿨소닉,강남피부과울쎄라,https://cafe.naver.com/knife67/452976,2,O,,1
쿨소닉,압구정피부과울쎄라,https://cafe.naver.com/fox5282/4451163,2,O,,1
쿨소닉,부산리프팅레이저,https://cafe.naver.com/juliett00/1528921,2,O,,1
쿨소닉,광주민트실리프팅,https://cafe.naver.com/knife67/456906,2,,O,1
쿨소닉,광주북구피부과,https://cafe.naver.com/knife67/456907,2,O,,1
쿨소닉,부산울쎄라수면,https://cafe.naver.com/fox5282/4458241,2,O,,1
쿨소닉,연산동울쎄라,https://cafe.naver.com/juliett00/1530560,0,,,
쿨소닉,부산피부과의원,https://cafe.naver.com/juliett00/1530853,2,O,,1
쿨소닉,첨단지구피부과,https://cafe.naver.com/knife67/457892,2,O,,1
쿨소닉,첨단피부과,https://cafe.naver.com/knife67/459279,2,O,,1
쿨소닉,삼성역울쎄라,https://cafe.naver.com/knife67/459280,2,O,,1
쿨소닉,남자울쎄라,https://cafe.naver.com/fox5282/4462535,2,,O,2
쿨소닉,광주첨단피부과,https://cafe.naver.com/knife67/460444,2,O,,1
쿨소닉,서울울쎄라,https://cafe.naver.com/fox5282/4465140,2,O,,1
쿨소닉,부산리프팅,https://cafe.naver.com/juliett00/1532634,2,,O,1
쿨소닉,광주상무지구피부과,https://cafe.naver.com/fox5282/4470452,2,,O,1
쿨소닉,치평동피부과,https://cafe.naver.com/knife67/464124,2,O,,1
쿨소닉,강남미니리프팅,https://cafe.naver.com/juliett00/1534967,1,,,5
쿨소닉,부산실리프팅잘하는곳,https://cafe.naver.com/knife67/464126,2,,O,1
쿨소닉,여수울쎄라,https://cafe.naver.com/knife67/466132,2,O,,3