기기구분,키워드,링크,노출현황,스마트블록,인기글,카페순위
리프테라,페이브피부과,https://cafe.naver.com/fox5282/4209174,2,,O,1
,강남슈링크,https://cafe.naver.com/knife67/333703,1,,,2
,써마지울쎄라,https://cafe.naver.com/fox5282/4210374,0,,,
,턱살리프팅,https://cafe.naver.com/knife67/334728,0,,,
,리프팅레이저,https://cafe.naver.com/knife67/337707,0,,,
, 울쎄라써마지,https://cafe.naver.com/fox5282/4216208,0,,,
,울써마지,https://cafe.naver.com/knife67/339770,0,,,
,울써마지가격,https://cafe.naver.com/knife67/340296,0,,,
,울쎄라써마지가격,https://cafe.naver.com/fox5282/4220157,0,,,
,울써마지리프팅,https://cafe.naver.com/fox5282/4220747,1,,,5
,가성비리프팅,https://cafe.naver.com/fox5282/4222879,2,,O,2
,얼굴형관리,https://cafe.naver.com/knife67/341579,0,,,
,피부과기계,https://cafe.naver.com/fox5282/4224818,1,,,1
,얼굴마사지기계,https://cafe.naver.com/knife67/342543,1,,,2
,턱지방흡입,https://cafe.naver.com/knife67/342565,0,,,
,심부볼제거,https://cafe.naver.com/fox5282/4224838,0,,,
,얼굴관리,https://cafe.naver.com/fox5282/4224868,1,,,3
,턱살지방흡입,https://cafe.naver.com/fox5282/4227081,1,,,2
,청담리프팅,https://cafe.naver.com/knife67/343607,0,,,
,얼굴윤곽관리,https://cafe.naver.com/knife67/345705,1,,,2
, 팔자주름레이저,https://cafe.naver.com/fox5282/4230833,1,,,3
,이중턱지방흡입비용,https://cafe.naver.com/knife67/345995,1,,,2
,얼굴지방흡입가격,https://cafe.naver.com/fox5282/4231194,1,,,3
,턱선 실리프팅,https://cafe.naver.com/fox5282/4231578,1,,,3
,탄력레이저,https://cafe.naver.com/knife67/346326,1,,,3
,안티에이징,https://cafe.naver.com/fox5282/4233571,1,,,1
,울써마지,https://cafe.naver.com/knife67/347349,0,,,
,써마지울쎄라,https://cafe.naver.com/fox5282/4237590,0,,,
,얼굴리프팅시술,https://cafe.naver.com/knife67/349471,1,,,3
,볼처짐리프팅,https://cafe.naver.com/knife67/350686,2,,O,2
,여의도슈링크,https://cafe.naver.com/fox5282/4239633,2,,O,1
,리프팅관리,https://cafe.naver.com/knife67/350689,0,,,
,피부과리프팅,https://cafe.naver.com/fox5282/4239635,0,,,
,탄력리프팅,https://cafe.naver.com/knife67/350695,0,,,
,주름관리,https://cafe.naver.com/knife67/350698,0,,,
,주름레이저,https://cafe.naver.com/fox5282/4239651,1,,,5
,얼굴주름리프팅,https://cafe.naver.com/knife67/350707,1,,,5
,얼굴피부관리,https://cafe.naver.com/fox5282/4241473,2,,O,1
,피부리프팅,https://cafe.naver.com/knife67/351979,1,,,5
, 써마지울쎄라,https://cafe.naver.com/fox5282/4241912,0,,,
,리프팅레이저,https://cafe.naver.com/juliett00/1459881,0,,,
,울써마지가격,https://cafe.naver.com/knife67/351981,0,,,
,얼굴형관리,https://cafe.naver.com/fox5282/4241917,2,,O,1
,턱지방흡입,https://cafe.naver.com/juliett00/1459883,0,,,
,탄력리프팅,https://cafe.naver.com/knife67/352032,0,,,
,얼굴주름제거,https://cafe.naver.com/knife67/352109,1,,,1
,얼굴리프팅레이저,https://cafe.naver.com/fox5282/4242101,2,,O,1
,처진얼굴리프팅,https://cafe.naver.com/juliett00/1459966,1,,,4
,피부탄력관리,https://cafe.naver.com/knife67/352113,0,,,
,써마지울쎄라,https://cafe.naver.com/knife67/352781,0,,,
,써마지효과,https://cafe.naver.com/knife67/353105,0,,,
,얼굴살빼는법,https://cafe.naver.com/fox5282/4244205,2,,O,3
,이마리프팅,https://cafe.naver.com/juliett00/1460787,0,,,
,턱살리프팅,https://cafe.naver.com/knife67/354070,2,,O,4
,인모드가격,https://cafe.naver.com/fox5282/4246248,0,,,
,리프팅레이저,https://cafe.naver.com/juliett00/1461591,0,,,
,수면마취리프팅,https://cafe.naver.com/knife67/354115,2,O,,1
,강남써마지,https://cafe.naver.com/fox5282/4246324,2,,O,2
,인모드효과,https://cafe.naver.com/juliett00/1461632,0,,,
,얼굴처짐,https://cafe.naver.com/knife67/355135,2,,O,2
,눈가주름,https://cafe.naver.com/knife67/359466,0,,,
,이마주름제거,https://cafe.naver.com/fox5282/4258364,1,,,3
,팔자주름지방이식,https://cafe.naver.com/juliett00/1465693,0,,,
,팔자주름보톡스,https://cafe.naver.com/knife67/360558,0,,,
,안면거상,https://cafe.naver.com/fox5282/4260914,0,,,
,피부과리프팅,https://cafe.naver.com/knife67/360673,0,,,
,이중턱실리프팅,https://cafe.naver.com/fox5282/4261288,2,,O,1
,볼처짐,https://cafe.naver.com/knife67/361717,0,,,
,써마지레이저,https://cafe.naver.com/fox5282/4263455,1,,,3
,볼리프팅,https://cafe.naver.com/juliett00/1467214,0,,,
,얼굴당김수술,https://cafe.naver.com/fox5282/4266391,2,,O,1
,커스텀써마지,https://cafe.naver.com/juliett00/1468153,1,,,4
,심부볼리프팅,https://cafe.naver.com/knife67/366419,1,,,5
,인모드할인,https://cafe.naver.com/fox5282/4268724,2,,O,1
,리프팅병원,https://cafe.naver.com/juliett00/1468878,0,,,
,써마지시술,https://cafe.naver.com/knife67/367313,1,,,5
,서울실리프팅,https://cafe.naver.com/fox5282/4272055,2,,O,1
,실리프팅수면마취,https://cafe.naver.com/juliett00/1469622,2,,O,1
,써마지600,https://cafe.naver.com/fox5282/4275604,0,,,
,써마지비용,https://cafe.naver.com/juliett00/1470355,1,,,5
,얼굴실리프팅가격,https://cafe.naver.com/knife67/368324,2,,O,1
,리프팅추천,https://cafe.naver.com/fox5282/4275725,2,,O,3
,울쎄라써마지,https://cafe.naver.com/knife67/370375,0,,,
,써마지300샷,https://cafe.naver.com/fox5282/4281273,0,,,
,써마지flx600,https://cafe.naver.com/knife67/370853,0,,,
,팔자주름가격,https://cafe.naver.com/fox5282/4282094,2,,O,1
,팔자주름관리,https://cafe.naver.com/juliett00/1472256,1,,,1
,팔자주름비용,https://cafe.naver.com/knife67/371935,2,,O,1
,강남역리프팅,https://cafe.naver.com/fox5282/4284421,0,,,
,써마지900샷가격,https://cafe.naver.com/juliett00/1473084,2,,O,1
,써마지추천,https://cafe.naver.com/fox5282/4284439,1,,,1
,써마지CPT,https://cafe.naver.com/knife67/373064,1,,,4
,얼굴리프팅수술,https://cafe.naver.com/fox5282/4286823,1,,,3
,써마지병원,https://cafe.naver.com/juliett00/1474004,1,,,4
,팔자주름리프팅가격,https://cafe.naver.com/knife67/375047,1,,,4
,써마지후기,https://cafe.naver.com/fox5282/4292071,1,,,3
,써마지잘하는곳,https://cafe.naver.com/knife67/375997,0,,,
,써마지강남,https://cafe.naver.com/fox5282/4294189,2,,O,1
,써마지리프팅,https://cafe.naver.com/knife67/376556,0,,,
,써마지피부과,https://cafe.naver.com/juliett00/1477393,1,,,4
,인디언주름,https://cafe.naver.com/knife67/384059,0,,,
, 불독살,https://cafe.naver.com/fox5282/4312502,0,,,
,올리지오통증,https://cafe.naver.com/juliett00/1482187,2,,O,2
,주름개선화장품,https://cafe.naver.com/knife67/385099,0,,,
,써마지가격,https://cafe.naver.com/fox5282/4315301,0,,,
,써마지600샷 가격,https://cafe.naver.com/juliett00/1483062,0,,,
,써마지600샷,https://cafe.naver.com/juliett00/1484854,0,,,
,광주 써마지,https://cafe.naver.com/knife67/387020,0,,,
,대전써마지,https://cafe.naver.com/fox5282/4320824,0,,,
,서면 써마지,https://cafe.naver.com/knife67/387081,2,,O,1
,풀페이스필러가격,https://cafe.naver.com/knife67/389129,2,O,,1
,눈주름보톡스,https://cafe.naver.com/fox5282/4326559,1,,,2
,피부주름개선,https://cafe.naver.com/juliett00/1486872,1,,,1
,최소절개리프팅,https://cafe.naver.com/knife67/390132,1,,,3
,얼굴리프팅,https://cafe.naver.com/fox5282/4329259,0,,,
,미니리프팅,https://cafe.naver.com/juliett00/1487751,0,,,
,필러시술후,https://cafe.naver.com/knife67/391536,1,,,1
,물방울리프팅,https://cafe.naver.com/fox5282/4333335,1,,,4
,팔자필러가격,https://cafe.naver.com/juliett00/1488744,2,,O,1
,남자얼굴윤곽주사,https://cafe.naver.com/knife67/392470,2,,O,1
,얼굴볼살빼기,https://cafe.naver.com/fox5282/4335592,2,,O,1
,입가주름필러,https://cafe.naver.com/juliett00/1489645,0,,,
,얼굴주사,https://cafe.naver.com/knife67/392471,0,,,
,눈가주름,https://cafe.naver.com/fox5282/4335597,0,,,
,인모드리프팅가격,https://cafe.naver.com/juliett00/1489647,0,,,
,볼살지방흡입,https://cafe.naver.com/knife67/393866,0,,,
,보톡스주기,https://cafe.naver.com/fox5282/4338222,0,,,
,목주름피부과,https://cafe.naver.com/juliett00/1490646,0,,,
,필러종류,https://cafe.naver.com/knife67/395138,2,,O,2
,코필러병원,https://cafe.naver.com/fox5282/4340759,1,,,1
,리프팅잘하는곳,https://cafe.naver.com/juliett00/1491495,1,,,4
,목필러,https://cafe.naver.com/feko/9818857,2,,O,1
,볼필러가격,https://cafe.naver.com/knife67/396497,1,,,1
,리프팅가격,https://cafe.naver.com/fox5282/4343508,0,,,
,실리프팅종류,https://cafe.naver.com/juliett00/1492414,2,,O,1
,얼굴필러,https://cafe.naver.com/knife67/397684,1,,,5
,남자팔자주름,https://cafe.naver.com/fox5282/4346011,2,,O,1
,인디안주름,https://cafe.naver.com/juliett00/1493218,1,,,1
,얼굴리프팅가격,https://cafe.naver.com/knife67/398073,1,,,1
,턱선리프팅,https://cafe.naver.com/fox5282/4346884,2,,O,2
,제오민보톡스가격,https://cafe.naver.com/knife67/399303,0,,,
,코필러잘하는곳,https://cafe.naver.com/fox5282/4349720,2,,O,1
,눈밑애교필러,https://cafe.naver.com/juliett00/1494220,2,,O,1
,주걱턱보톡스,https://cafe.naver.com/knife67/400489,2,,O,1
,실루엣소프트리프팅,https://cafe.naver.com/fox5282/4352546,1,,,4
,필러가격,https://cafe.naver.com/juliett00/1495184,0,,,
,애굣살필러,https://cafe.naver.com/knife67/401779,0,,,
,미간주름수술,https://cafe.naver.com/fox5282/4355403,1,,,1
,미간주름보톡스,https://cafe.naver.com/juliett00/1496085,1,,,1
,팔자주름가격,https://cafe.naver.com/knife67/402943,0,,,
쿨페이즈,연세와이비의원,https://cafe.naver.com/juliett00/1445437,2,,O,1
,오블리브의원,https://cafe.naver.com/knife67/332819,2,,O,1
,강남슈링크,https://cafe.naver.com/knife67/333703,1,,,2
,써마지울쎄라,https://cafe.naver.com/fox5282/4210374,0,,,
,턱살리프팅,https://cafe.naver.com/knife67/334728,0,,,
,리프팅레이저,https://cafe.naver.com/knife67/337707,0,,,
, 울쎄라써마지,https://cafe.naver.com/fox5282/4216208,0,,,
,울써마지,https://cafe.naver.com/knife67/339770,0,,,
,울써마지가격,https://cafe.naver.com/knife67/340296,0,,,
,울쎄라써마지가격,https://cafe.naver.com/fox5282/4220157,0,,,
,울써마지리프팅,https://cafe.naver.com/fox5282/4220747,1,,,5
,가성비리프팅,https://cafe.naver.com/fox5282/4222879,2,,O,2
,얼굴형관리,https://cafe.naver.com/knife67/341579,0,,,
,피부과기계,https://cafe.naver.com/fox5282/4224818,1,,,1
,얼굴마사지기계,https://cafe.naver.com/knife67/342543,1,,,2
,턱지방흡입,https://cafe.naver.com/knife67/342565,0,,,
,심부볼제거,https://cafe.naver.com/fox5282/4224838,0,,,
,얼굴관리,https://cafe.naver.com/fox5282/4224868,1,,,3
,턱살지방흡입,https://cafe.naver.com/fox5282/4227081,1,,,2
,청담리프팅,https://cafe.naver.com/knife67/343607,0,,,
,얼굴윤곽관리,https://cafe.naver.com/knife67/345705,1,,,2
, 팔자주름레이저,https://cafe.naver.com/fox5282/4230833,1,,,3
,이중턱지방흡입비용,https://cafe.naver.com/knife67/345995,1,,,2
,얼굴지방흡입가격,https://cafe.naver.com/fox5282/4231194,1,,,3
,턱선 실리프팅,https://cafe.naver.com/fox5282/4231578,1,,,3
,탄력레이저,https://cafe.naver.com/knife67/346326,1,,,3
,안티에이징,https://cafe.naver.com/fox5282/4233571,1,,,1
,울써마지,https://cafe.naver.com/knife67/347349,0,,,
,써마지울쎄라,https://cafe.naver.com/fox5282/4237590,0,,,
,얼굴리프팅시술,https://cafe.naver.com/knife67/349471,1,,,3
,볼처짐리프팅,https://cafe.naver.com/knife67/350686,2,,O,2
,여의도슈링크,https://cafe.naver.com/fox5282/4239633,2,,O,1
,리프팅관리,https://cafe.naver.com/knife67/350689,0,,,
,피부과리프팅,https://cafe.naver.com/fox5282/4239635,0,,,
,탄력리프팅,https://cafe.naver.com/knife67/350695,0,,,
,주름관리,https://cafe.naver.com/knife67/350698,0,,,
,주름레이저,https://cafe.naver.com/fox5282/4239651,1,,,5
,얼굴주름리프팅,https://cafe.naver.com/knife67/350707,1,,,5
,얼굴피부관리,https://cafe.naver.com/fox5282/4241473,2,,O,1
,피부리프팅,https://cafe.naver.com/knife67/351979,1,,,5
, 써마지울쎄라,https://cafe.naver.com/fox5282/4241912,0,,,
,리프팅레이저,https://cafe.naver.com/juliett00/1459881,0,,,
,울써마지가격,https://cafe.naver.com/knife67/351981,0,,,
,얼굴형관리,https://cafe.naver.com/fox5282/4241917,2,,O,1
,턱지방흡입,https://cafe.naver.com/juliett00/1459883,0,,,
,탄력리프팅,https://cafe.naver.com/knife67/352032,0,,,
,얼굴주름제거,https://cafe.naver.com/knife67/352109,1,,,1
,얼굴리프팅레이저,https://cafe.naver.com/fox5282/4242101,2,,O,1
,처진얼굴리프팅,https://cafe.naver.com/juliett00/1459966,1,,,4
,피부탄력관리,https://cafe.naver.com/knife67/352113,0,,,
,써마지울쎄라,https://cafe.naver.com/knife67/352781,0,,,
,써마지효과,https://cafe.naver.com/knife67/353105,0,,,
,얼굴살빼는법,https://cafe.naver.com/fox5282/4244205,2,,O,3
,이마리프팅,https://cafe.naver.com/juliett00/1460787,0,,,
,턱살리프팅,https://cafe.naver.com/knife67/354070,2,,O,4
,인모드가격,https://cafe.naver.com/fox5282/4246248,0,,,
,리프팅레이저,https://cafe.naver.com/juliett00/1461591,0,,,
,수면마취리프팅,https://cafe.naver.com/knife67/354115,2,O,,1
,강남써마지,https://cafe.naver.com/fox5282/4246324,2,,O,2
,인모드효과,https://cafe.naver.com/juliett00/1461632,0,,,
,얼굴처짐,https://cafe.naver.com/knife67/355135,2,,O,2
,눈가주름,https://cafe.naver.com/knife67/359466,0,,,
,이마주름제거,https://cafe.naver.com/fox5282/4258364,0,,,
,팔자주름지방이식,https://cafe.naver.com/juliett00/1465693,1,,,3
,팔자주름보톡스,https://cafe.naver.com/knife67/360558,0,,,
,안면거상,https://cafe.naver.com/fox5282/4260914,0,,,
,피부과리프팅,https://cafe.naver.com/knife67/360673,0,,,
,이중턱실리프팅,https://cafe.naver.com/fox5282/4261288,2,,O,1
,볼처짐,https://cafe.naver.com/knife67/361717,0,,,
,써마지레이저,https://cafe.naver.com/fox5282/4263455,1,,,3
,볼리프팅,https://cafe.naver.com/juliett00/1467214,0,,,
,얼굴당김수술,https://cafe.naver.com/fox5282/4266391,2,,O,1
,커스텀써마지,https://cafe.naver.com/juliett00/1468153,1,,,4
,심부볼리프팅,https://cafe.naver.com/knife67/366419,1,,,5
,인모드할인,https://cafe.naver.com/fox5282/4268724,2,,O,1
,리프팅병원,https://cafe.naver.com/juliett00/1468878,0,,,
,써마지시술,https://cafe.naver.com/knife67/367313,1,,,5
,서울실리프팅,https://cafe.naver.com/fox5282/4272055,2,,O,1
,실리프팅수면마취,https://cafe.naver.com/juliett00/1469622,2,,O,1
,써마지600,https://cafe.naver.com/fox5282/4275604,0,,,
,써마지비용,https://cafe.naver.com/juliett00/1470355,1,,,5
,얼굴실리프팅가격,https://cafe.naver.com/knife67/368324,2,,O,1
,리프팅추천,https://cafe.naver.com/fox5282/4275725,2,,O,3
,울쎄라써마지,https://cafe.naver.com/knife67/370375,0,,,
,써마지300샷,https://cafe.naver.com/fox5282/4281273,0,,,
,써마지flx600,https://cafe.naver.com/knife67/370853,0,,,
,팔자주름가격,https://cafe.naver.com/fox5282/4282094,2,,O,1
,팔자주름관리,https://cafe.naver.com/juliett00/1472256,1,,,1
,팔자주름비용,https://cafe.naver.com/knife67/371935,2,,O,1
,강남역리프팅,https://cafe.naver.com/fox5282/4284421,0,,,
,써마지900샷가격,https://cafe.naver.com/juliett00/1473084,2,,O,1
,써마지추천,https://cafe.naver.com/fox5282/4284439,1,,,1
,써마지CPT,https://cafe.naver.com/knife67/373064,1,,,4
,얼굴리프팅수술,https://cafe.naver.com/fox5282/4286823,1,,,3
,써마지병원,https://cafe.naver.com/juliett00/1474004,1,,,4
,팔자주름리프팅가격,https://cafe.naver.com/knife67/375047,0,,,
,써마지후기,https://cafe.naver.com/fox5282/4292071,0,,,
,써마지잘하는곳,https://cafe.naver.com/knife67/375997,2,,O,3
,써마지강남,https://cafe.naver.com/fox5282/4294189,2,,O,1
,써마지리프팅,https://cafe.naver.com/knife67/376556,0,,,
,써마지피부과,https://cafe.naver.com/juliett00/1477393,1,,,4
,울쎄라통증,https://cafe.naver.com/juliett00/1460784,0,,,
,울쎄라저렴한곳,https://cafe.naver.com/fox5282/4246322,2,O,,1
,강남써마지FLX,https://cafe.naver.com/juliett00/1461630,0,,,
,써마지붓기,https://cafe.naver.com/juliett00/1462411,0,,,
,청담울써마지,https://cafe.naver.com/knife67/357081,0,,,
,수면울써마지,https://cafe.naver.com/juliett00/1466415,2,,O,2
,수면마취써마지,https://cafe.naver.com/fox5282/4265800,2,O,,2
,써마지flx600샷,https://cafe.naver.com/fox5282/4275648,1,,,3
,강남울써마지,https://cafe.naver.com/juliett00/1472106,1,,,3
,서울써마지,https://cafe.naver.com/knife67/370609,1,,,5
,써마지키닥터,https://cafe.naver.com/fox5282/4281630,2,,O,1
,압구정울써마지,https://cafe.naver.com/juliett00/1472107,1,,,4
,강남써마지가격,https://cafe.naver.com/juliett00/1472262,2,O,,2
,신사역써마지,https://cafe.naver.com/knife67/371946,2,,O,1
,피부과써마지,https://cafe.naver.com/knife67/375060,0,,,
,압구정써마지,https://cafe.naver.com/knife67/376017,1,,,5
,인디언주름,https://cafe.naver.com/knife67/384059,0,,,
, 불독살,https://cafe.naver.com/fox5282/4312502,0,,,
,올리지오통증,https://cafe.naver.com/juliett00/1482187,2,,O,2
,주름개선화장품,https://cafe.naver.com/knife67/385099,0,,,
,써마지가격,https://cafe.naver.com/fox5282/4315301,0,,,
,써마지600샷 가격,https://cafe.naver.com/juliett00/1483062,0,,,
,써마지600샷,https://cafe.naver.com/juliett00/1484854,0,,,
,광주 써마지,https://cafe.naver.com/knife67/387020,0,,,
,대전써마지,https://cafe.naver.com/fox5282/4320824,0,,,
,서면 써마지,https://cafe.naver.com/knife67/387081,2,,O,1
,풀페이스필러가격,https://cafe.naver.com/knife67/389129,2,O,,1
,눈주름보톡스,https://cafe.naver.com/fox5282/4326559,1,,,2
,피부주름개선,https://cafe.naver.com/juliett00/1486872,1,,,1
,최소절개리프팅,https://cafe.naver.com/knife67/390132,1,,,3
,얼굴리프팅,https://cafe.naver.com/fox5282/4329259,0,,,
,미니리프팅,https://cafe.naver.com/juliett00/1487751,0,,,
,필러시술후,https://cafe.naver.com/knife67/391536,1,,,1
,물방울리프팅,https://cafe.naver.com/fox5282/4333335,1,,,4
,팔자필러가격,https://cafe.naver.com/juliett00/1488744,2,,O,1
,남자얼굴윤곽주사,https://cafe.naver.com/knife67/392470,2,,O,1
,얼굴볼살빼기,https://cafe.naver.com/fox5282/4335592,2,,O,1
,입가주름필러,https://cafe.naver.com/juliett00/1489645,0,,,
,얼굴주사,https://cafe.naver.com/knife67/392471,0,,,
,눈가주름,https://cafe.naver.com/fox5282/4335597,0,,,
,인모드리프팅가격,https://cafe.naver.com/juliett00/1489647,0,,,
,볼살지방흡입,https://cafe.naver.com/knife67/393866,0,,,
,보톡스주기,https://cafe.naver.com/fox5282/4338222,0,,,
,목주름피부과,https://cafe.naver.com/juliett00/1490646,0,,,
,필러종류,https://cafe.naver.com/knife67/395138,2,,O,2
,코필러병원,https://cafe.naver.com/fox5282/4340759,1,,,1
,리프팅잘하는곳,https://cafe.naver.com/juliett00/1491495,1,,,4
,목필러,https://cafe.naver.com/feko/9818857,2,,O,1
,볼필러가격,https://cafe.naver.com/knife67/396497,1,,,1
,리프팅가격,https://cafe.naver.com/fox5282/4343508,0,,,
,실리프팅종류,https://cafe.naver.com/juliett00/1492414,2,,O,1
,얼굴필러,https://cafe.naver.com/knife67/397684,1,,,5
,남자팔자주름,https://cafe.naver.com/fox5282/4346011,2,,O,1
,인디안주름,https://cafe.naver.com/juliett00/1493218,1,,,1
,얼굴리프팅가격,https://cafe.naver.com/knife67/398073,1,,,1
,턱선리프팅,https://cafe.naver.com/fox5282/4346884,2,,O,2
,제오민보톡스가격,https://cafe.naver.com/knife67/399303,0,,,
,코필러잘하는곳,https://cafe.naver.com/fox5282/4349720,2,,O,1
,눈밑애교필러,https://cafe.naver.com/juliett00/1494220,2,,O,1
,주걱턱보톡스,https://cafe.naver.com/knife67/400489,2,,O,1
,실루엣소프트리프팅,https://cafe.naver.com/fox5282/4352546,1,,,4
,필러가격,https://cafe.naver.com/juliett00/1495184,0,,,
,애굣살필러,https://cafe.naver.com/knife67/401779,0,,,
,미간주름수술,https://cafe.naver.com/fox5282/4355403,1,,,1
,미간주름보톡스,https://cafe.naver.com/juliett00/1496085,1,,,1
,팔자주름가격,https://cafe.naver.com/knife67/402943,0,,,
쿨소닉,리니어펌,https://cafe.naver.com/knife67/335564,1,,,4
,볼살리프팅,https://cafe.naver.com/fox5282/4212086,1,,,3
,처진볼살리프팅,https://cafe.naver.com/knife67/336682,2,,O,1
,윤곽주사효과,https://cafe.naver.com/fox5282/4214127,0,,,
,지유클리닉,https://cafe.naver.com/fox5282/4216253,2,,O,1
,리니어펌효과,https://cafe.naver.com/knife67/337737,2,,O,1
,리니어지,https://cafe.naver.com/knife67/339784,0,,,
,부산슈링크,https://cafe.naver.com/fox5282/4220244,1,,,4
,슈링크유니버스,https://cafe.naver.com/knife67/340476,0,,,
,리팅성형외과,https://cafe.naver.com/fox5282/4220978,1,,,5
,울써마지,https://cafe.naver.com/fox5282/4224857,0,,,
,울쎄라써마지,https://cafe.naver.com/knife67/342572,0,,,
,울쎄라효과,https://cafe.naver.com/knife67/342584,0,,,
,울쎄라가격,https://cafe.naver.com/knife67/342633,0,,,
,울쎄라리프팅,https://cafe.naver.com/fox5282/4224983,0,,,
,울쎄라잘하는곳,https://cafe.naver.com/fox5282/4224987,1,,,4
,울쎄라600샷,https://cafe.naver.com/fox5282/4227064,0,,,
,써마지울쎄라,https://cafe.naver.com/knife67/343577,0,,,
,울써마지가격,https://cafe.naver.com/fox5282/4230838,0,,,
,강남역써마지,https://cafe.naver.com/knife67/345712,2,,O,1
,써마지잘하는곳,https://cafe.naver.com/knife67/345997,0,,,
,써마지600샷,https://cafe.naver.com/fox5282/4231196,0,,,
,울쎄라피부과,https://cafe.naver.com/fox5282/4233578,0,,,
,울쎄라병원,https://cafe.naver.com/knife67/347355,0,,,
,울쎄라300샷,https://cafe.naver.com/fox5282/4235313,0,,,
,울쎼라잘하는병원,https://cafe.naver.com/fox5282/4237595,1,O,,
,울쎄라팔자주름,https://cafe.naver.com/knife67/349475,2,,O,2
,울쎄라200샷,https://cafe.naver.com/knife67/349479,1,,,1
,강남역울쎄라,https://cafe.naver.com/knife67/351599,0,,,
,울쎄라300샷가격,https://cafe.naver.com/fox5282/4233583,2,,O,2
,울쎄라600샷가격,https://cafe.naver.com/knife67/348210,2,,O,1
,울쎄라수면마취,https://cafe.naver.com/knife67/348235,0,,,
,울써마지수면마취,https://cafe.naver.com/fox5282/4235411,2,O,,1
,울쎄라써마지가격,https://cafe.naver.com/knife67/349467,0,,,
,강남울쎄라,https://cafe.naver.com/fox5282/4237584,0,,,
,울쎄라시술,https://cafe.naver.com/feko/9627753,0,,,
,울써마지잘하는곳,https://cafe.naver.com/fox5282/4241337,2,,O,1
,울쎄라400샷,https://cafe.naver.com/juliett00/1459663,0,,,
,울써마지피부과,https://cafe.naver.com/knife67/351603,2,O,,5
,이중턱울쎄라,https://cafe.naver.com/knife67/351637,2,,O,1
,울쎄라추천,https://cafe.naver.com/fox5282/4241460,1,,,4
,울쎄라유명한곳,https://cafe.naver.com/juliett00/1459711,2,O,,4
,울쎄라500샷,https://cafe.naver.com/juliett00/1459924,0,,,
,써마지잘하는곳,https://cafe.naver.com/feko/9638958,2,,O,2
,써마지600샷,https://cafe.naver.com/knife67/352040,0,,,
,울쎄라피부과,https://cafe.naver.com/fox5282/4242021,2,,O,3
,울쎄라병원,https://cafe.naver.com/juliett00/1459929,0,,,
,울쎄라300샷,https://cafe.naver.com/feko/9638982,2,,O,3
,무통울쎄라,https://cafe.naver.com/knife67/352043,2,,O,2
,울쎄라레이저,https://cafe.naver.com/juliett00/1460484,2,,O,2
,울쎄라후기,https://cafe.naver.com/knife67/353100,0,,,
,울쎄라100샷,https://cafe.naver.com/fox5282/4244202,2,,O,1
,울쎄라통증,https://cafe.naver.com/juliett00/1460784,0,,,
,울쎄라비용,https://cafe.naver.com/knife67/354113,1,,,5
,울쎄라저렴한곳,https://cafe.naver.com/fox5282/4246322,2,O,,1
,강남써마지FLX,https://cafe.naver.com/juliett00/1461630,0,,,
,피부과울쎄라,https://cafe.naver.com/juliett00/1463799,1,,,4
,청담울써마지,https://cafe.naver.com/knife67/357081,2,,O,1
,써마지붓기,https://cafe.naver.com/juliett00/1462411,2,,O,3
,울쎄라압구정,https://cafe.naver.com/fox5282/4248307,2,,O,1
,울쎄라전후,https://cafe.naver.com/knife67/360621,1,,,4
,울쎄라병원추천,https://cafe.naver.com/fox5282/4261098,2,,O,2
,수면울써마지,https://cafe.naver.com/juliett00/1466415,2,,O,1
,수면마취써마지,https://cafe.naver.com/fox5282/4265800,2,O,,1
,울쎄라시술가격,https://cafe.naver.com/knife67/363603,2,O,,1
,수면울쎄라,https://cafe.naver.com/fox5282/4266362,2,,O,2
,울쎄라수면,https://cafe.naver.com/juliett00/1468138,0,,,
,서울울쎄라추천,https://cafe.naver.com/juliett00/1469623,2,O,,1
,목주름울쎄라,https://cafe.naver.com/knife67/368318,1,,,4
,쿨소닉통증,https://cafe.naver.com/knife67/368323,2,,O,1
,수면마취울쎄라,https://cafe.naver.com/knife67/368319,1,,,5
,울쎄라인모드,https://cafe.naver.com/fox5282/4275662,0,,,
,써마지flx600샷,https://cafe.naver.com/fox5282/4275648,2,,O,1
,울쎄라수면마취,https://cafe.naver.com/fox5282/4275707,1,,,5
,울쎄라강남,https://cafe.naver.com/fox5282/4281626,0,,,
,강남울써마지,https://cafe.naver.com/juliett00/1472106,2,,O,2
,서울써마지,https://cafe.naver.com/knife67/370609,2,,O,1
,써마지키닥터,https://cafe.naver.com/fox5282/4281630,2,,O,1
,압구정울써마지,https://cafe.naver.com/juliett00/1472107,1,,,1
,강남울쎄라피부과,https://cafe.naver.com/knife67/370865,2,O,,3
,강남울쎄라추천,https://cafe.naver.com/fox5282/4282136,2,,O,1
,청담울쎄라,https://cafe.naver.com/knife67/370868,0,,,
,압구정울쎄라,https://cafe.naver.com/fox5282/4282144,1,,,5
,강남써마지가격,https://cafe.naver.com/juliett00/1472262,2,O,,1
,신사써마지,https://cafe.naver.com/feko/9712400,2,,O,1
,신사역써마지,https://cafe.naver.com/knife67/371946,2,,O,1
,청담동울쎄라,https://cafe.naver.com/fox5282/4284435,2,,O,1
,신사울쎄라,https://cafe.naver.com/juliett00/1473094,1,,,5
,피부과써마지,https://cafe.naver.com/knife67/375060,0,,,
,청담써마지,https://cafe.naver.com/fox5282/4292114,1,,,5
,강남울쎄라가격,https://cafe.naver.com/juliett00/1475700,1,O,,
,압구정써마지,https://cafe.naver.com/knife67/376017,1,,,3
,영등포써마지,https://cafe.naver.com/juliett00/1482208,0,,,
,잠실울쎄라,https://cafe.naver.com/knife67/384092,1,,,5
,신논현역울쎄라,https://cafe.naver.com/fox5282/4312587,2,,O,1
,강남써마지잘하는곳,https://cafe.naver.com/juliett00/1483064,2,,O,1
,신사역울쎄라,https://cafe.naver.com/knife67/385109,2,,O,1
,압구정역울쎄라,https://cafe.naver.com/fox5282/4315317,2,,O,1
,신사동써마지,https://cafe.naver.com/knife67/386826,2,,O,1
,청담동써마지,https://cafe.naver.com/fox5282/4320043,1,,,3
,여의도울쎄라,https://cafe.naver.com/juliett00/1484856,0,,,
,압구정역써마지,https://cafe.naver.com/juliett00/1485029,0,,,
,강남역울써마지,https://cafe.naver.com/knife67/387083,2,O,,1
,써마지통증,https://cafe.naver.com/juliett00/1486874,0,,,
,신도림울쎄라,https://cafe.naver.com/knife67/389133,2,,O,1
,압구정피부과 울쎄라,https://cafe.naver.com/juliett00/1486879,2,O,,1
,청량리울쎄라,https://cafe.naver.com/fox5282/4333352,2,,O,1
,해운대써마지,https://cafe.naver.com/juliett00/1488753,2,,O,1
,구월동울쎄라,https://cafe.naver.com/knife67/391543,2,,O,1
,부평울쎄라,https://cafe.naver.com/fox5282/4333359,1,,,2
,용산울쎄라,https://cafe.naver.com/knife67/392481,2,,O,1
,부산울써마지,https://cafe.naver.com/fox5282/4335625,2,,O,2
,이수역울쎄라,https://cafe.naver.com/juliett00/1490651,2,,O,2
,인천울쎄라,https://cafe.naver.com/knife67/393884,0,,,
,인천써마지,https://cafe.naver.com/fox5282/4338269,1,,,3
,부산써마지,https://cafe.naver.com/knife67/396509,2,,O,2
,해운대울쎄라,https://cafe.naver.com/fox5282/4343518,1,,,3
,송파써마지,https://cafe.naver.com/knife67/396524,2,,O,1
,센텀써마지,https://cafe.naver.com/fox5282/4343528,2,,O,1
,부산울쎄라후기,https://cafe.naver.com/knife67/397831,2,O,,1
,부산써마지가격,https://cafe.naver.com/fox5282/4346339,1,,,4
,홍대울쎄라,https://cafe.naver.com/juliett00/1493268,0,,,
,부천울쎄라,https://cafe.naver.com/knife67/397842,2,,O,2
,부산 울쎄라수면마취,https://cafe.naver.com/fox5282/4346350,2,O,,1
,인천써마지,https://cafe.naver.com/knife67/398090,2,,O,1
,구월동써마지,https://cafe.naver.com/fox5282/4346935,2,,O,1
,인천울써마지,https://cafe.naver.com/juliett00/1493409,2,,O,1
,송도써마지,https://cafe.naver.com/knife67/398110,2,,O,1
,부산울쎄라가격,https://cafe.naver.com/fox5282/4346941,2,,O,1
,서면써마지,https://cafe.naver.com/knife67/399315,2,,O,2
,영등포울쎄라,https://cafe.naver.com/fox5282/4349766,2,,O,1
,합정울쎄라,https://cafe.naver.com/juliett00/1495191,0,,,
,대구써마지가격,https://cafe.naver.com/fox5282/4355410,2,,O,1
,수성구써마지,https://cafe.naver.com/knife67/401787,2,,O,1
,대구써마지,https://cafe.naver.com/fox5282/4355414,0,,,
,대구써마지피부과,https://cafe.naver.com/knife67/401789,2,O,,1
,청량리써마지,https://cafe.naver.com/fox5282/4355415,2,,O,1
,대구써마지추천,https://cafe.naver.com/juliett00/1496961,2,O,,1
,둔산동울쎄라,https://cafe.naver.com/knife67/402964,2,,O,1
,대구써마지FLX,https://cafe.naver.com/fox5282/4357982,2,,O,1