기기구분,NO.,작업일,진행카페,작업ULR,닉네임,댓글내용
리프테라,1,2025.07.01,여우야+,https://cafe.naver.com/fox5282/4244202,안변수복,저도 울쎄라 너무 아프대서 완전 포기했어요ㅠ 그래서 덜 아픈데 효과 좋은걸로 쿨소닉이랑 쿨페이즈 조합 상담 받았는데 생각보다 디테일하고 괜찮더라고요 내일 이렇게 조합해서 시술 받기로 했어요~
,2,2025.07.01,여우야+,https://cafe.naver.com/fox5282/4244504,안변수복,저도 리프팅은 받고싶은데 아픈건 너무 싫어서 걱정하다가 쿨소닉이랑 쿨페이즈가 통증 하나도 없는데 같이하면 효과 좋다고해서 상담받고왔어요! 내일 시술인데 기대중 ㅎㅎ 특히 쿨페이즈는 모공에도 도움된대서 기대되요!
,3,2025.07.01,여생남정,https://cafe.naver.com/suddes/3926518,장마철토마토,저도 리프팅 상담 다녀왔는데 받으면서 느낀게 쿨소닉이 울쎄라랑 같은 효과인데 통증없고 쿨페이즈는 써마지랑 같은 효과인데 이것도 통증 없다는거? 저는 이중턱이랑 피부결 둘다 고민이라 두개 조합해서 받기로 했어요
,10,2025.07.01,여우야+,https://cafe.naver.com/fox5282/4242021,안변수복,저도 시술 진짜 고민했는데 쿨소닉+쿨페이즈가 요즘 제일 핫하다고해서 상담받고 결정했어요 울쎄라는 통증때문에 포기하고 이조합으로 택한거 너무 잘한 선택이겠죠? 내일 받기로 했어요~
,11,2025.07.01,재잘재잘,https://cafe.naver.com/knife67/353100,쉐이크러버,저도 쿨소닉이 펜타입이라서 볼처짐 부위나 이중턱쪽 정밀하게 들어갈수 있다고해서 확 끌렸어요! 쿨페이즈는 얼굴 전체적으로 탄력감 주는 느낌이라 같이 받으니 확실히 시너지 큰 느낌이에요
,12,2025.07.01,여우야+,https://cafe.naver.com/fox5282/4241963,안변수복,저도 울쎄라는 통증이랑 다운타임때문에 포기하고 쿨소닉에 쿨페이즈까지 같이 받기로 결정했어요! 둘다 통증 없고 회복 빠르다고해서 선택했는데 이게 제일 현실적인거 같아요 내일 받기로 해서 기대중이에요~
,13,2025.07.01,여우야,https://cafe.naver.com/feko/9643807,락토프리메론,쿨페이즈가 잘맞을거에요 저도 리프팅 상담 받으러 갔다가 쿨소닉이랑 쿨페이즈 조합 추천해주셔서 받았는데 같이 받으면 효과도 더 오래 유지되고 피부 탄력까지 같이 잡아줘서 만족도 최고에요 하나만 하는것보단 같이 받는게 훨씬 나은거 같아요
쿨페이즈,1,2025.07.01,여우야+,https://cafe.naver.com/fox5282/4244202,안변수복,저도 울쎄라 너무 아프대서 완전 포기했어요ㅠ 그래서 덜 아픈데 효과 좋은걸로 쿨소닉이랑 쿨페이즈 조합 상담 받았는데 생각보다 디테일하고 괜찮더라고요 내일 이렇게 조합해서 시술 받기로 했어요~
,2,2025.07.01,여우야+,https://cafe.naver.com/fox5282/4244504,안변수복,저도 리프팅은 받고싶은데 아픈건 너무 싫어서 걱정하다가 쿨소닉이랑 쿨페이즈가 통증 하나도 없는데 같이하면 효과 좋다고해서 상담받고왔어요! 내일 시술인데 기대중 ㅎㅎ 특히 쿨페이즈는 모공에도 도움된대서 기대되요!
,3,2025.07.01,여생남정,https://cafe.naver.com/suddes/3926518,장마철토마토,저도 리프팅 상담 다녀왔는데 받으면서 느낀게 쿨소닉이 울쎄라랑 같은 효과인데 통증없고 쿨페이즈는 써마지랑 같은 효과인데 이것도 통증 없다는거? 저는 이중턱이랑 피부결 둘다 고민이라 두개 조합해서 받기로 했어요
,4,2025.07.01,여우야+,https://cafe.naver.com/fox5282/4242919,안변수복,저는 상담받았는데 쿨소닉으로 턱선정리하고 쿨페이즈로 탄력이랑 모공에 효과 확실하다고해서 이 조합으로 받으려구요 내일 시술 예약했는데 둘다 통증이랑 다운타임 없다고해서 마음에 들더라고요
,5,2025.07.01,여우야+,https://cafe.naver.com/fox5282/4243220,안변수복,저는 쿨소닉이 펜타입이라 촘촘하게 받을수있다고해서 쿨소닉 받기로 했어요 쿨페이즈랑 조합 괜찮다고해서 내일 같이 받기로 했는데 울쎄라처럼 아프지도않고 자연스럽게 리프팅된다해서 마음이 좀 놓여요~
,11,2025.07.01,재잘재잘,https://cafe.naver.com/knife67/353100,쉐이크러버,저도 쿨소닉이 펜타입이라서 볼처짐 부위나 이중턱쪽 정밀하게 들어갈수 있다고해서 확 끌렸어요! 쿨페이즈는 얼굴 전체적으로 탄력감 주는 느낌이라 같이 받으니 확실히 시너지 큰 느낌이에요
,12,2025.07.01,여우야+,https://cafe.naver.com/fox5282/4241963,안변수복,저도 울쎄라는 통증이랑 다운타임때문에 포기하고 쿨소닉에 쿨페이즈까지 같이 받기로 결정했어요! 둘다 통증 없고 회복 빠르다고해서 선택했는데 이게 제일 현실적인거 같아요 내일 받기로 해서 기대중이에요~
,13,2025.07.01,여우야,https://cafe.naver.com/feko/9643807,락토프리메론,쿨페이즈가 잘맞을거에요 저도 리프팅 상담 받으러 갔다가 쿨소닉이랑 쿨페이즈 조합 추천해주셔서 받았는데 같이 받으면 효과도 더 오래 유지되고 피부 탄력까지 같이 잡아줘서 만족도 최고에요 하나만 하는것보단 같이 받는게 훨씬 나은거 같아요
쿨소닉,1,2025.07.01,여우야+,https://cafe.naver.com/fox5282/4244202,안변수복,저도 울쎄라 너무 아프대서 완전 포기했어요ㅠ 그래서 덜 아픈데 효과 좋은걸로 쿨소닉이랑 쿨페이즈 조합 상담 받았는데 생각보다 디테일하고 괜찮더라고요 내일 이렇게 조합해서 시술 받기로 했어요~
,2,2025.07.01,여우야+,https://cafe.naver.com/fox5282/4244504,안변수복,저도 리프팅은 받고싶은데 아픈건 너무 싫어서 걱정하다가 쿨소닉이랑 쿨페이즈가 통증 하나도 없는데 같이하면 효과 좋다고해서 상담받고왔어요! 내일 시술인데 기대중 ㅎㅎ 특히 쿨페이즈는 모공에도 도움된대서 기대되요!
,3,2025.07.01,여생남정,https://cafe.naver.com/suddes/3926518,장마철토마토,저도 리프팅 상담 다녀왔는데 받으면서 느낀게 쿨소닉이 울쎄라랑 같은 효과인데 통증없고 쿨페이즈는 써마지랑 같은 효과인데 이것도 통증 없다는거? 저는 이중턱이랑 피부결 둘다 고민이라 두개 조합해서 받기로 했어요
,4,2025.07.01,여우야+,https://cafe.naver.com/fox5282/4242919,안변수복,저는 상담받았는데 쿨소닉으로 턱선정리하고 쿨페이즈로 탄력이랑 모공에 효과 확실하다고해서 이 조합으로 받으려구요 내일 시술 예약했는데 둘다 통증이랑 다운타임 없다고해서 마음에 들더라고요
,10,2025.07.01,여우야+,https://cafe.naver.com/fox5282/4242021,안변수복,저도 시술 진짜 고민했는데 쿨소닉+쿨페이즈가 요즘 제일 핫하다고해서 상담받고 결정했어요 울쎄라는 통증때문에 포기하고 이조합으로 택한거 너무 잘한 선택이겠죠? 내일 받기로 했어요~
,11,2025.07.01,재잘재잘,https://cafe.naver.com/knife67/353100,쉐이크러버,저도 쿨소닉이 펜타입이라서 볼처짐 부위나 이중턱쪽 정밀하게 들어갈수 있다고해서 확 끌렸어요! 쿨페이즈는 얼굴 전체적으로 탄력감 주는 느낌이라 같이 받으니 확실히 시너지 큰 느낌이에요
,12,2025.07.01,여우야+,https://cafe.naver.com/fox5282/4241963,안변수복,저도 울쎄라는 통증이랑 다운타임때문에 포기하고 쿨소닉에 쿨페이즈까지 같이 받기로 결정했어요! 둘다 통증 없고 회복 빠르다고해서 선택했는데 이게 제일 현실적인거 같아요 내일 받기로 해서 기대중이에요~
,13,2025.07.01,여우야,https://cafe.naver.com/feko/9643807,락토프리메론,쿨페이즈가 잘맞을거에요 저도 리프팅 상담 받으러 갔다가 쿨소닉이랑 쿨페이즈 조합 추천해주셔서 받았는데 같이 받으면 효과도 더 오래 유지되고 피부 탄력까지 같이 잡아줘서 만족도 최고에요 하나만 하는것보단 같이 받는게 훨씬 나은거 같아요