기기구분,컨텐츠 유형,요청 게시물,검토결과
리프테라,게시물,https://cafe.naver.com/feko/9697653,게시중단
,게시물,https://cafe.naver.com/fox5282/4277386,게시중단
,게시물,https://cafe.naver.com/fox5282/4286648,게시중단
,게시물,https://cafe.naver.com/fox5282/4286900,게시중단
,게시물,https://cafe.naver.com/knife67/358065,게시중단
,댓글,https://cafe.naver.com/knife67/358070,게시중단
,댓글,https://cafe.naver.com/knife67/358070,게시중단
,게시물,https://cafe.naver.com/luxurylineage/8977,게시중단
쿨페이즈,게시물,https://cafe.naver.com/feko/9697653,게시중단
,게시물,https://cafe.naver.com/fox5282/4277386,게시중단
,게시물,https://cafe.naver.com/fox5282/4286648,게시중단
,게시물,https://cafe.naver.com/fox5282/4286900,게시중단
,게시물,https://cafe.naver.com/knife67/358065,게시중단
,댓글,https://cafe.naver.com/knife67/358070,게시중단
,게시물,https://cafe.naver.com/luxurylineage/8977,게시중단
쿨소닉,게시물,https://cafe.naver.com/feko/9697653,게시중단
,게시물,https://cafe.naver.com/fox5282/4277386,게시중단
,게시물,https://cafe.naver.com/fox5282/4286648,게시중단
,게시물,https://cafe.naver.com/fox5282/4286900,게시중단
,게시물,https://cafe.naver.com/knife67/358065,게시중단
,댓글,https://cafe.naver.com/knife67/358070,게시중단
,게시물,https://cafe.naver.com/luxurylineage/8977,게시중단